# klaverjas spoor; spellen=200; zaad=6
1;1;0;2;3;T;63
1;1;1;3;3;8;40
1;1;2;4;0;T;69
1;1;3;1;3;A;46
1;2;0;3;1;A;7
1;2;1;4;1;7;40
1;2;2;1;1;V;4
1;2;3;2;1;B;3
1;3;0;3;3;V;5
1;3;1;4;2;7;65
1;3;2;1;3;7;23
1;3;3;2;0;8;53
1;4;0;2;2;H;7
1;4;1;3;2;V;40
1;4;2;4;2;A;6
1;4;3;1;1;9;53
1;5;0;4;0;A;7
1;5;1;3;0;H;40
1;5;2;2;0;9;36
1;5;3;1;0;B;3
1;6;0;2;2;9;7
1;6;1;3;2;T;40
1;6;2;4;2;B;6
1;6;3;1;3;B;53
1;7;0;2;2;8;56
1;7;1;3;1;T;53
1;7;2;4;1;8;53
1;7;3;1;0;V;53
1;8;0;4;0;7;9
1;8;1;3;3;9;53
1;8;2;2;1;H;53
1;8;3;1;3;H;53
1;=;2;47;105;0;70
2;1;0;1;1;9;47
2;1;1;4;1;H;40
2;1;2;3;0;A;28
2;1;3;2;1;8;38
2;2;0;3;1;A;9
2;2;1;4;1;B;40
2;2;2;1;1;T;36
2;2;3;2;0;B;29
2;3;0;2;3;A;7
2;3;1;3;3;7;34
2;3;2;4;3;8;36
2;3;3;1;3;T;3
2;4;0;4;2;A;7
2;4;1;3;2;9;34
2;4;2;2;2;7;36
2;4;3;1;2;B;3
2;5;0;2;3;H;54
2;5;1;3;3;V;40
2;5;2;4;0;7;12
2;5;3;1;3;9;38
2;6;0;4;1;7;13
2;6;1;3;2;V;53
2;6;2;2;3;B;53
2;6;3;1;0;H;29
2;7;0;3;2;T;13
2;7;1;4;2;H;40
2;7;2;1;2;8;36
2;7;3;2;0;8;65
2;8;0;4;0;9;57
2;8;1;3;1;V;53
2;8;2;2;0;V;36
2;8;3;1;0;T;38
2;=;0;24;128;0;10
3;1;0;4;3;H;7
3;1;1;3;3;T;40
3;1;2;2;3;B;6
3;1;3;1;3;7;3
3;2;0;2;0;T;63
3;2;1;3;2;V;53
3;2;2;4;0;8;36
3;2;3;1;0;A;46
3;3;0;3;1;A;9
3;3;1;4;1;8;34
3;3;2;1;1;V;36
3;3;3;2;1;7;3
3;4;0;3;0;H;5
3;4;1;4;3;A;65
3;4;2;1;0;7;34
3;4;3;2;0;B;3
3;5;0;4;2;9;13
3;5;1;3;2;A;40
3;5;2;2;2;7;23
3;5;3;1;2;B;38
3;6;0;3;2;8;13
3;6;1;4;1;9;53
3;6;2;1;0;9;53
3;6;3;2;2;H;38
3;7;0;4;1;B;13
3;7;1;3;1;H;40
3;7;2;2;1;T;36
3;7;3;1;3;8;29
3;8;0;3;3;9;55
3;8;1;4;2;T;53
3;8;2;1;3;V;36
3;8;3;2;0;V;53
3;=;3;97;55;10;0
4;1;0;3;2;A;7
4;1;1;4;2;V;40
4;1;2;1;2;H;36
4;1;3;2;2;9;3
4;2;0;1;1;A;7
4;2;1;4;1;9;40
4;2;2;3;1;H;36
4;2;3;2;1;8;3
4;3;0;1;3;B;58
4;3;1;4;3;A;40
4;3;2;3;3;8;22
4;3;3;2;0;7;53
4;4;0;3;2;T;9
4;4;1;4;2;7;40
4;4;2;1;1;7;68
4;4;3;2;2;B;38
4;5;0;3;2;8;9
4;5;1;4;0;B;53
4;5;2;1;3;7;35
4;5;3;2;0;9;53
4;6;0;3;3;T;55
4;6;1;4;0;8;53
4;6;2;1;3;9;66
4;6;3;2;1;V;53
4;7;0;1;3;H;56
4;7;1;4;0;V;53
4;7;2;3;1;B;53
4;7;3;2;1;T;53
4;8;0;1;3;V;56
4;8;1;4;0;A;53
4;8;2;3;0;H;53
4;8;3;2;0;T;53
4;=;3;152;0;30;0
5;1;0;2;3;V;7
5;1;1;3;3;8;40
5;1;2;4;3;B;6
5;1;3;1;3;T;38
5;2;0;2;2;A;8
5;2;1;3;2;7;34
5;2;2;4;0;T;69
5;2;3;1;1;8;53
5;3;0;2;2;T;8
5;3;1;3;2;H;40
5;3;2;4;0;9;69
5;3;3;1;0;8;53
5;4;0;4;3;A;57
5;4;1;3;0;7;53
5;4;2;2;1;V;68
5;4;3;1;1;B;53
5;5;0;2;1;7;47
5;5;1;3;1;H;40
5;5;2;4;3;H;28
5;5;3;1;1;A;38
5;6;0;2;1;T;8
5;6;1;3;2;V;53
5;6;2;4;2;9;53
5;6;3;1;0;B;53
5;7;0;2;2;B;8
5;7;1;3;0;A;53
5;7;2;4;3;9;35
5;7;3;1;0;V;53
5;8;0;2;2;8;8
5;8;1;3;1;9;53
5;8;2;4;3;7;35
5;8;3;1;0;H;53
5;=;3;0;152;0;30
6;1;0;1;3;H;7
6;1;1;4;3;V;40
6;1;2;3;3;B;6
6;1;3;2;3;9;39
6;2;0;1;1;A;8
6;2;1;4;2;7;53
6;2;2;3;2;V;69
6;2;3;2;1;7;38
6;3;0;3;2;8;13
6;3;1;4;2;T;40
6;3;2;1;2;9;36
6;3;3;2;2;A;24
6;4;0;4;1;T;7
6;4;1;3;1;8;40
6;4;2;2;0;H;68
6;4;3;1;1;B;3
6;5;0;2;0;A;7
6;5;1;3;0;T;40
6;5;2;4;0;9;22
6;5;3;1;0;8;3
6;6;0;2;3;A;58
6;6;1;3;3;7;34
6;6;2;4;0;7;53
6;6;3;1;1;9;53
6;7;0;2;3;T;58
6;7;1;3;3;8;40
6;7;2;4;2;B;53
6;7;3;1;0;B;53
6;8;0;4;1;H;9
6;8;1;3;0;V;53
6;8;2;2;2;H;53
6;8;3;1;1;V;38
6;=;3;55;97;40;50
7;1;0;4;0;V;7
7;1;1;3;0;7;40
7;1;2;2;0;B;6
7;1;3;1;0;A;3
7;2;0;2;1;A;8
7;2;1;3;1;7;34
7;2;2;4;3;7;53
7;2;3;1;1;9;38
7;3;0;4;0;9;57
7;3;1;3;2;8;53
7;3;2;2;1;H;68
7;3;3;1;0;H;3
7;4;0;2;2;B;54
7;4;1;3;2;V;40
7;4;2;4;0;8;12
7;4;3;1;2;9;3
7;5;0;4;3;B;13
7;5;1;3;1;8;53
7;5;2;2;3;8;4
7;5;3;1;3;A;38
7;6;0;3;1;T;9
7;6;1;4;3;V;53
7;6;2;1;2;H;53
7;6;3;2;3;9;53
7;7;0;1;0;T;56
7;7;1;4;3;H;53
7;7;2;3;1;B;53
7;7;3;2;2;7;53
7;8;0;3;2;A;9
7;8;1;4;1;V;53
7;8;2;1;2;T;36
7;8;3;2;3;T;53
7;=;0;80;72;10;0
8;1;0;1;1;T;63
8;1;1;4;1;8;40
8;1;2;3;1;V;36
8;1;3;2;1;A;38
8;2;0;4;2;T;7
8;2;1;3;2;7;34
8;2;2;2;2;9;4
8;2;3;1;2;H;3
8;3;0;4;1;H;9
8;3;1;3;3;7;53
8;3;2;2;3;T;68
8;3;3;1;0;8;29
8;4;0;3;2;8;5
8;4;1;4;0;B;65
8;4;2;1;2;B;36
8;4;3;2;2;A;38
8;5;0;4;3;H;13
8;5;1;3;3;V;40
8;5;2;2;3;8;23
8;5;3;1;0;V;29
8;6;0;1;0;A;58
8;6;1;4;1;B;53
8;6;2;3;1;7;53
8;6;3;2;0;7;38
8;7;0;1;0;9;58
8;7;1;4;3;A;53
8;7;2;3;1;9;53
8;7;3;2;3;9;53
8;8;0;3;2;V;5
8;8;1;4;0;T;65
8;8;2;1;0;H;35
8;8;3;2;3;B;68
8;=;0;62;90;0;10
9;1;0;2;3;V;7
9;1;1;3;2;7;53
9;1;2;4;3;A;6
9;1;3;1;3;7;3
9;2;0;2;3;B;58
9;2;1;3;0;B;53
9;2;2;4;0;9;69
9;2;3;1;3;H;3
9;3;0;2;3;9;58
9;3;1;3;1;V;53
9;3;2;4;2;8;53
9;3;3;1;3;T;38
9;4;0;4;1;A;9
9;4;1;3;2;H;53
9;4;2;2;1;7;4
9;4;3;1;1;8;3
9;5;0;4;1;T;9
9;5;1;3;0;8;53
9;5;2;2;1;H;36
9;5;3;1;1;9;38
9;6;0;2;0;7;47
9;6;1;3;0;H;40
9;6;2;4;3;8;28
9;6;3;1;0;V;3
9;7;0;4;2;9;13
9;7;1;3;2;A;16
9;7;2;2;2;B;23
9;7;3;1;0;T;68
9;8;0;3;2;T;9
9;8;1;4;1;B;53
9;8;2;1;0;A;53
9;8;3;2;2;V;38
9;=;3;49;103;10;0
10;1;0;1;0;T;7
10;1;1;4;0;9;40
10;1;2;3;0;B;6
10;1;3;2;0;A;38
10;2;0;3;0;H;57
10;2;1;4;0;8;40
10;2;2;1;0;7;36
10;2;3;2;2;9;53
10;3;0;1;2;A;8
10;3;1;4;3;8;53
10;3;2;3;3;V;69
10;3;3;2;2;B;38
10;4;0;3;0;V;55
10;4;1;4;3;H;53
10;4;2;1;1;V;68
10;4;3;2;1;9;53
10;5;0;3;3;7;13
10;5;1;4;3;A;40
10;5;2;1;3;9;36
10;5;3;2;3;T;38
10;6;0;4;2;H;9
10;6;1;3;2;8;40
10;6;2;2;1;H;53
10;6;3;1;2;7;3
10;7;0;4;2;T;9
10;7;1;3;1;7;53
10;7;2;2;1;T;53
10;7;3;1;2;V;38
10;8;0;4;3;B;9
10;8;1;3;1;8;53
10;8;2;2;1;A;53
10;8;3;1;1;B;53
10;=;0;85;67;20;10
11;1;0;2;3;B;58
11;1;1;3;3;T;34
11;1;2;4;3;8;36
11;1;3;1;3;7;38
11;2;0;4;1;9;5
11;2;1;3;3;A;65
11;2;2;2;1;8;34
11;2;3;1;1;B;32
11;3;0;1;1;A;2
11;3;1;4;1;T;40
11;3;2;3;0;B;69
11;3;3;2;1;H;38
11;4;0;1;2;T;63
11;4;1;4;2;H;40
11;4;2;3;2;B;36
11;4;3;2;2;7;3
11;5;0;3;0;8;13
11;5;1;4;0;V;16
11;5;2;1;0;H;23
11;5;3;2;0;T;38
11;6;0;4;2;8;5
11;6;1;3;3;9;65
11;6;2;2;2;9;36
11;6;3;1;2;V;38
11;7;0;3;0;9;13
11;7;1;4;0;7;40
11;7;2;1;0;A;36
11;7;3;2;3;V;29
11;8;0;4;2;A;9
11;8;1;3;1;V;53
11;8;2;2;3;H;35
11;8;3;1;1;7;53
11;=;3;73;79;0;10
12;1;0;3;0;T;7
12;1;1;4;0;H;34
12;1;2;1;0;B;6
12;1;3;2;3;9;53
12;2;0;1;3;8;54
12;2;1;4;3;B;34
12;2;2;3;0;7;12
12;2;3;2;3;T;38
12;3;0;3;0;9;57
12;3;1;4;0;V;40
12;3;2;1;2;T;68
12;3;3;2;1;7;53
12;4;0;3;1;B;13
12;4;1;4;1;9;40
12;4;2;1;1;8;36
12;4;3;2;1;T;46
12;5;0;2;1;A;8
12;5;1;3;1;H;40
12;5;2;4;3;H;69
12;5;3;1;2;8;53
12;6;0;4;3;7;5
12;6;1;3;0;8;65
12;6;2;2;2;B;53
12;6;3;1;2;H;68
12;7;0;3;0;A;55
12;7;1;4;3;V;53
12;7;2;1;2;V;68
12;7;3;2;1;V;53
12;8;0;3;2;7;13
12;8;1;4;3;A;53
12;8;2;1;2;9;36
12;8;3;2;2;A;38
12;=;0;99;53;0;60
13;1;0;2;3;H;7
13;1;1;3;3;8;40
13;1;2;4;3;T;6
13;1;3;1;3;7;3
13;2;0;4;3;A;57
13;2;1;3;2;9;53
13;2;2;2;3;9;36
13;2;3;1;3;V;38
13;3;0;4;0;V;62
13;3;1;3;0;H;40
13;3;2;2;0;T;6
13;3;3;1;0;A;46
13;4;0;3;1;T;9
13;4;1;4;1;8;40
13;4;2;1;1;A;36
13;4;3;2;1;B;3
13;5;0;3;2;V;5
13;5;1;4;3;B;65
13;5;2;1;2;B;23
13;5;3;2;2;8;32
13;6;0;4;0;B;9
13;6;1;3;2;7;53
13;6;2;2;2;H;68
13;6;3;1;0;7;3
13;7;0;4;0;9;9
13;7;1;3;2;T;53
13;7;2;2;1;V;53
13;7;3;1;0;8;38
13;8;0;2;1;H;8
13;8;1;3;1;9;40
13;8;2;4;1;7;36
13;8;3;1;2;A;53
13;=;3;51;101;20;10
14;1;0;1;2;7;1
14;1;1;4;2;T;40
14;1;2;3;2;A;6
14;1;3;2;1;7;29
14;2;0;4;0;A;9
14;2;1;3;0;9;40
14;2;2;2;0;7;4
14;2;3;1;0;V;3
14;3;0;2;1;T;7
14;3;1;3;1;A;42
14;3;2;4;1;B;6
14;3;3;1;3;7;53
14;4;0;2;1;H;5
14;4;1;3;1;9;40
14;4;2;4;1;8;36
14;4;3;1;0;H;68
14;5;0;3;2;H;7
14;5;1;4;2;B;40
14;5;2;1;2;V;4
14;5;3;2;0;B;53
14;6;0;1;3;A;7
14;6;1;4;3;9;40
14;6;2;3;3;B;36
14;6;3;2;3;V;3
14;7;0;3;2;9;9
14;7;1;4;3;8;53
14;7;2;1;2;8;36
14;7;3;2;3;T;53
14;8;0;1;3;H;8
14;8;1;4;0;8;53
14;8;2;3;1;V;35
14;8;3;2;0;T;53
14;=;1;76;76;30;0
15;1;0;2;0;9;7
15;1;1;3;0;8;40
15;1;2;4;3;H;69
15;1;3;1;0;V;3
15;2;0;2;1;A;8
15;2;1;3;1;B;34
15;2;2;4;2;7;69
15;2;3;1;1;7;38
15;3;0;2;1;H;8
15;3;1;3;1;V;40
15;3;2;4;3;T;69
15;3;3;1;0;H;29
15;4;0;3;3;A;9
15;4;1;4;2;V;53
15;4;2;1;3;7;36
15;4;3;2;3;8;3
15;5;0;3;2;9;13
15;5;1;4;2;H;16
15;5;2;1;2;8;23
15;5;3;2;3;B;53
15;6;0;2;0;B;58
15;6;1;3;3;9;53
15;6;2;4;2;T;69
15;6;3;1;0;T;3
15;7;0;4;1;9;13
15;7;1;3;1;8;40
15;7;2;2;1;T;36
15;7;3;1;0;A;29
15;8;0;3;2;B;13
15;8;1;4;3;V;53
15;8;2;1;2;A;36
15;8;3;2;0;7;29
15;=;0;56;96;20;10
16;1;0;3;0;A;7
16;1;1;4;0;7;40
16;1;2;1;0;9;67
16;1;3;2;0;V;3
16;2;0;1;3;A;7
16;2;1;4;3;T;34
16;2;2;3;3;V;36
16;2;3;2;0;8;29
16;3;0;4;2;A;7
16;3;1;3;2;8;40
16;3;2;2;2;7;4
16;3;3;1;2;B;3
16;4;0;4;2;V;13
16;4;1;3;3;9;53
16;4;2;2;2;T;4
16;4;3;1;2;9;38
16;5;0;4;1;V;13
16;5;1;3;1;T;16
16;5;2;2;1;8;23
16;5;3;1;1;A;46
16;6;0;1;0;B;58
16;6;1;4;3;H;53
16;6;2;3;3;B;53
16;6;3;2;0;T;38
16;7;0;3;1;B;13
16;7;1;4;1;H;40
16;7;2;1;1;7;36
16;7;3;2;1;9;38
16;8;0;4;3;8;5
16;8;1;3;0;H;65
16;8;2;2;2;H;53
16;8;3;1;3;7;38
16;=;0;96;56;10;0
17;1;0;4;1;T;7
17;1;1;3;1;V;40
17;1;2;2;1;B;4
17;1;3;1;1;9;38
17;2;0;4;3;7;2
17;2;1;3;3;9;40
17;2;2;2;3;B;6
17;2;3;1;0;7;53
17;3;0;4;1;H;9
17;3;1;3;2;7;53
17;3;2;2;1;A;36
17;3;3;1;0;8;53
17;4;0;2;0;A;8
17;4;1;3;0;9;40
17;4;2;4;2;T;52
17;4;3;1;0;V;3
17;5;0;2;3;8;7
17;5;1;3;3;V;40
17;5;2;4;3;H;6
17;5;3;1;2;V;53
17;6;0;4;3;A;55
17;6;1;3;2;8;53
17;6;2;2;3;T;36
17;6;3;1;2;H;53
17;7;0;4;1;8;9
17;7;1;3;2;9;53
17;7;2;2;2;B;68
17;7;3;1;0;T;53
17;8;0;4;1;7;9
17;8;1;3;0;B;53
17;8;2;2;0;H;53
17;8;3;1;2;A;53
17;=;3;0;152;0;80
18;1;0;3;3;7;7
18;1;1;4;3;8;42
18;1;2;1;3;B;6
18;1;3;2;3;V;3
18;2;0;3;1;T;11
18;2;1;4;1;H;40
18;2;2;1;1;9;4
18;2;3;2;1;A;46
18;3;0;4;0;A;7
18;3;1;3;0;7;34
18;3;2;2;0;H;4
18;3;3;1;0;V;38
18;4;0;4;3;9;57
18;4;1;3;2;8;53
18;4;2;2;3;H;36
18;4;3;1;3;A;38
18;5;0;4;0;T;9
18;5;1;3;0;8;40
18;5;2;2;0;B;36
18;5;3;1;1;8;53
18;6;0;4;0;9;9
18;6;1;3;2;9;53
18;6;2;2;2;T;68
18;6;3;1;2;V;53
18;7;0;4;3;T;55
18;7;1;3;2;B;53
18;7;2;2;1;B;68
18;7;3;1;2;H;53
18;8;0;4;1;7;13
18;8;1;3;1;V;40
18;8;2;2;2;7;53
18;8;3;1;2;A;53
18;=;3;37;115;10;20
19;1;0;2;3;9;7
19;1;1;3;3;H;40
19;1;2;4;3;B;6
19;1;3;1;3;A;3
19;2;0;4;2;A;9
19;2;1;3;2;7;34
19;2;2;2;2;9;4
19;2;3;1;2;V;3
19;3;0;2;2;B;54
19;3;1;3;2;8;34
19;3;2;4;3;8;12
19;3;3;1;2;H;38
19;4;0;4;1;8;13
19;4;1;3;0;8;53
19;4;2;2;1;V;36
19;4;3;1;1;T;46
19;5;0;3;0;A;7
19;5;1;4;0;V;40
19;5;2;1;0;B;36
19;5;3;2;0;7;3
19;6;0;1;3;T;58
19;6;1;4;1;9;53
19;6;2;3;2;T;69
19;6;3;2;3;7;38
19;7;0;3;0;H;13
19;7;1;4;1;B;53
19;7;2;1;1;7;53
19;7;3;2;0;T;46
19;8;0;4;1;H;5
19;8;1;3;3;V;65
19;8;2;2;0;9;53
19;8;3;1;1;A;38
19;=;3;67;85;10;0
20;1;0;3;2;T;7
20;1;1;4;2;8;34
20;1;2;1;2;9;67
20;1;3;2;2;7;38
20;2;0;3;2;V;7
20;2;1;4;2;H;40
20;2;2;1;2;B;6
20;2;3;2;3;8;53
20;3;0;3;2;A;55
20;3;1;4;3;B;53
20;3;2;1;0;H;68
20;3;3;2;1;7;53
20;4;0;3;0;A;7
20;4;1;4;0;V;34
20;4;2;1;0;7;4
20;4;3;2;0;8;38
20;5;0;3;3;9;13
20;5;1;4;3;H;40
20;5;2;1;3;7;23
20;5;3;2;3;T;38
20;6;0;4;0;T;9
20;6;1;3;1;V;53
20;6;2;2;1;B;68
20;6;3;1;0;9;3
20;7;0;4;1;A;9
20;7;1;3;1;H;40
20;7;2;2;1;9;4
20;7;3;1;0;B;53
20;8;0;2;1;T;8
20;8;1;3;3;A;53
20;8;2;4;1;8;36
20;8;3;1;3;V;53
20;=;2;82;70;90;10
21;1;0;4;3;V;7
21;1;1;3;3;7;40
21;1;2;2;3;B;6
21;1;3;1;3;8;3
21;2;0;4;0;A;9
21;2;1;3;0;B;40
21;2;2;2;0;8;36
21;2;3;1;0;7;38
21;3;0;2;3;9;58
21;3;1;3;1;9;53
21;3;2;4;1;H;69
21;3;3;1;3;H;3
21;4;0;4;2;T;11
21;4;1;3;2;H;40
21;4;2;2;2;B;4
21;4;3;1;2;A;46
21;5;0;3;1;A;9
21;5;1;4;0;9;53
21;5;2;1;1;T;36
21;5;3;2;1;7;3
21;6;0;1;3;A;58
21;6;1;4;2;V;53
21;6;2;3;1;8;53
21;6;3;2;3;T;38
21;7;0;3;0;H;9
21;7;1;4;0;V;40
21;7;2;1;2;8;53
21;7;3;2;2;7;53
21;8;0;3;0;T;9
21;8;1;4;1;V;53
21;8;2;1;2;9;53
21;8;3;2;1;B;53
21;=;3;94;58;10;0
22;1;0;3;0;7;7
22;1;1;4;3;9;53
22;1;2;1;0;9;6
22;1;3;2;0;V;3
22;2;0;1;0;B;58
22;2;1;4;1;V;53
22;2;2;3;2;B;69
22;2;3;2;0;8;3
22;3;0;3;3;7;13
22;3;1;4;3;A;16
22;3;2;1;3;B;23
22;3;3;2;1;H;68
22;4;0;4;2;A;9
22;4;1;3;3;8;53
22;4;2;2;2;8;4
22;4;3;1;2;V;38
22;5;0;2;1;A;8
22;5;1;3;1;7;34
22;5;2;4;2;H;53
22;5;3;1;1;8;3
22;6;0;2;0;A;58
22;6;1;3;1;B;53
22;6;2;4;2;T;52
22;6;3;1;0;H;38
22;7;0;4;2;7;9
22;7;1;3;3;V;53
22;7;2;2;2;9;36
22;7;3;1;1;9;53
22;8;0;4;3;T;9
22;8;1;3;1;T;53
22;8;2;2;0;T;35
22;8;3;1;3;H;38
22;=;0;42;110;0;10
23;1;0;4;3;7;7
23;1;1;3;3;9;19
23;1;2;2;3;B;6
23;1;3;1;3;H;3
23;2;0;2;1;A;8
23;2;1;3;1;8;34
23;2;2;4;2;H;69
23;2;3;1;1;7;3
23;3;0;2;1;T;8
23;3;1;3;1;9;40
23;3;2;4;1;V;36
23;3;3;1;1;H;38
23;4;0;4;0;B;5
23;4;1;3;3;V;65
23;4;2;2;0;8;34
23;4;3;1;0;7;32
23;5;0;3;2;A;9
23;5;1;4;0;V;53
23;5;2;1;2;8;4
23;5;3;2;2;T;38
23;6;0;3;3;A;57
23;6;1;4;1;B;53
23;6;2;1;3;8;36
23;6;3;2;3;T;38
23;7;0;1;2;V;8
23;7;1;4;0;A;53
23;7;2;3;2;7;22
23;7;3;2;0;H;53
23;8;0;3;2;9;13
23;8;1;4;2;B;40
23;8;2;1;0;9;53
23;8;3;2;0;T;68
23;=;3;70;82;0;10
24;1;0;1;0;V;7
24;1;1;4;0;7;40
24;1;2;3;0;B;6
24;1;3;2;0;8;3
24;2;0;3;1;B;62
24;2;1;4;2;8;53
24;2;2;1;1;H;6
24;2;3;2;1;A;46
24;3;0;4;2;A;9
24;3;1;3;2;V;40
24;3;2;2;1;V;68
24;3;3;1;2;9;3
24;4;0;2;1;8;5
24;4;1;3;1;T;40
24;4;2;4;1;9;36
24;4;3;1;3;B;53
24;5;0;3;0;T;57
24;5;1;4;3;8;53
24;5;2;1;0;9;67
24;5;3;2;0;H;38
24;6;0;1;2;T;8
24;6;1;4;3;T;53
24;6;2;3;2;7;36
24;6;3;2;3;7;53
24;7;0;1;0;A;56
24;7;1;4;3;A;53
24;7;2;3;3;H;53
24;7;3;2;3;9;53
24;8;0;3;2;H;9
24;8;1;4;1;7;53
24;8;2;1;2;B;36
24;8;3;2;3;V;53
24;=;0;118;34;30;0
25;1;0;2;3;7;7
25;1;1;3;3;H;40
25;1;2;4;3;9;6
25;1;3;1;3;8;38
25;2;0;2;0;A;8
25;2;1;3;0;V;34
25;2;2;4;2;8;53
25;2;3;1;0;7;3
25;3;0;2;3;A;58
25;3;1;3;1;9;53
25;3;2;4;2;9;53
25;3;3;1;2;7;53
25;4;0;4;3;T;55
25;4;1;3;0;8;53
25;4;2;2;3;B;66
25;4;3;1;1;8;53
25;5;0;2;3;V;56
25;5;1;3;1;B;53
25;5;2;4;2;B;53
25;5;3;1;1;H;53
25;6;0;4;2;V;13
25;6;1;3;0;H;53
25;6;2;2;2;H;4
25;6;3;1;2;A;38
25;7;0;1;0;T;7
25;7;1;4;1;7;53
25;7;2;3;0;9;36
25;7;3;2;0;B;38
25;8;0;3;1;A;9
25;8;1;4;1;V;40
25;8;2;1;1;T;36
25;8;3;2;2;T;53
25;=;3;68;84;50;20
26;1;0;1;1;T;7
26;1;1;4;2;8;53
26;1;2;3;1;B;6
26;1;3;2;1;8;3
26;2;0;1;3;T;63
26;2;1;4;3;9;34
26;2;2;3;0;H;69
26;2;3;2;3;A;46
26;3;0;4;0;A;7
26;3;1;3;0;V;40
26;3;2;2;0;B;36
26;3;3;1;0;8;3
26;4;0;2;2;A;7
26;4;1;3;2;B;40
26;4;2;4;2;V;36
26;4;3;1;2;9;3
26;5;0;2;1;9;58
26;5;1;3;1;V;34
26;5;2;4;0;7;53
26;5;3;1;1;7;3
26;6;0;4;3;B;5
26;6;1;3;1;H;65
26;6;2;2;3;7;34
26;6;3;1;0;T;68
26;7;0;3;0;9;9
26;7;1;4;3;H;53
26;7;2;1;2;T;53
26;7;3;2;3;V;53
26;8;0;1;1;A;56
26;8;1;4;3;8;53
26;8;2;3;2;7;53
26;8;3;2;2;H;53
26;=;1;78;74;10;0
27;1;0;4;3;T;7
27;1;1;3;3;H;40
27;1;2;2;3;9;67
27;1;3;1;3;7;3
27;2;0;4;0;T;9
27;2;1;3;0;7;40
27;2;2;2;2;9;68
27;2;3;1;0;A;46
27;3;0;3;2;A;9
27;3;1;4;1;8;53
27;3;2;1;2;8;4
27;3;3;2;2;7;38
27;4;0;1;0;H;8
27;4;1;4;0;9;40
27;4;2;3;0;8;36
27;4;3;2;3;A;29
27;5;0;4;1;A;9
27;5;1;3;2;B;53
27;5;2;2;1;9;4
27;5;3;1;1;7;38
27;6;0;2;3;B;58
27;6;1;3;1;V;53
27;6;2;4;2;H;53
27;6;3;1;3;8;3
27;7;0;4;1;H;13
27;7;1;3;2;T;53
27;7;2;2;1;T;4
27;7;3;1;3;V;29
27;8;0;1;2;V;8
27;8;1;4;0;V;53
27;8;2;3;0;B;53
27;8;3;2;1;B;53
27;=;3;69;83;10;0
28;1;0;3;0;T;10
28;1;1;4;0;B;34
28;1;2;1;1;7;68
28;1;3;2;0;8;3
28;2;0;1;2;B;58
28;2;1;4;3;8;53
28;2;2;3;3;T;52
28;2;3;2;2;H;3
28;3;0;3;1;8;13
28;3;1;4;1;9;40
28;3;2;1;1;T;36
28;3;3;2;1;A;38
28;4;0;2;3;A;8
28;4;1;3;3;B;40
28;4;2;4;3;9;36
28;4;3;1;3;7;38
28;5;0;2;2;A;58
28;5;1;3;1;V;53
28;5;2;4;0;7;53
28;5;3;1;2;7;3
28;6;0;2;2;9;58
28;6;1;3;0;9;53
28;6;2;4;3;H;53
28;6;3;1;2;8;3
28;7;0;4;0;H;13
28;7;1;3;0;A;40
28;7;2;2;0;V;36
28;7;3;1;2;V;35
28;8;0;3;1;H;9
28;8;1;4;1;B;40
28;8;2;1;2;T;35
28;8;3;2;3;V;53
28;=;2;86;66;30;20
29;1;0;2;0;A;2
29;1;1;3;0;T;40
29;1;2;4;2;T;52
29;1;3;1;0;8;3
29;2;0;2;3;B;58
29;2;1;3;3;V;34
29;2;2;4;1;H;69
29;2;3;1;3;A;38
29;3;0;2;3;7;5
29;3;1;3;3;H;40
29;3;2;4;2;8;53
29;3;3;1;2;9;53
29;4;0;1;0;H;7
29;4;1;4;1;8;53
29;4;2;3;0;B;22
29;4;3;2;0;V;38
29;5;0;3;0;9;9
29;5;1;4;0;7;40
29;5;2;1;1;B;68
29;5;3;2;3;8;29
29;6;0;4;2;V;13
29;6;1;3;2;A;40
29;6;2;2;2;7;36
29;6;3;1;2;B;38
29;7;0;3;1;A;9
29;7;1;4;2;H;53
29;7;2;1;1;7;4
29;7;3;2;1;V;38
29;8;0;1;1;9;47
29;8;1;4;1;T;40
29;8;2;3;3;9;28
29;8;3;2;3;T;35
29;=;3;81;71;30;0
30;1;0;3;3;8;7
30;1;1;4;3;T;40
30;1;2;1;3;B;6
30;1;3;2;3;V;38
30;2;0;1;3;A;58
30;2;1;4;1;9;53
30;2;2;3;2;H;69
30;2;3;2;0;8;53
30;3;0;1;3;H;58
30;3;1;4;3;7;40
30;3;2;3;0;V;69
30;3;3;2;2;B;53
30;4;0;1;3;9;56
30;4;1;4;1;V;53
30;4;2;3;2;8;53
30;4;3;2;0;B;53
30;5;0;3;2;7;13
30;5;1;4;2;T;40
30;5;2;1;2;9;36
30;5;3;2;2;A;46
30;6;0;4;0;T;9
30;6;1;3;0;7;40
30;6;2;2;0;H;4
30;6;3;1;1;7;53
30;7;0;4;1;A;9
30;7;1;3;1;H;40
30;7;2;2;2;V;53
30;7;3;1;1;8;3
30;8;0;4;1;T;9
30;8;1;3;0;9;53
30;8;2;2;0;A;53
30;8;3;1;1;B;38
30;=;3;76;76;20;10
31;1;0;2;3;B;58
31;1;1;3;1;8;53
31;1;2;4;3;7;22
31;1;3;1;3;9;38
31;2;0;4;3;H;57
31;2;1;3;2;9;53
31;2;2;2;3;T;67
31;2;3;1;0;7;53
31;3;0;2;3;A;56
31;3;1;3;0;V;53
31;3;2;4;2;T;52
31;3;3;1;0;8;53
31;4;0;4;2;8;13
31;4;1;3;1;H;53
31;4;2;2;2;7;36
31;4;3;1;2;H;38
31;5;0;3;0;A;9
31;5;1;4;1;7;53
31;5;2;1;0;H;36
31;5;3;2;0;9;3
31;6;0;3;0;T;13
31;6;1;4;2;B;53
31;6;2;1;1;B;53
31;6;3;2;0;B;38
31;7;0;3;2;A;9
31;7;1;4;2;V;40
31;7;2;1;1;T;68
31;7;3;2;3;8;29
31;8;0;4;1;A;13
31;8;1;3;3;V;65
31;8;2;2;1;9;36
31;8;3;1;1;V;38
31;=;3;56;96;10;0
32;1;0;3;2;A;7
32;1;1;4;2;9;34
32;1;2;1;2;V;36
32;1;3;2;2;8;3
32;2;0;3;0;A;7
32;2;1;4;0;H;40
32;2;2;1;0;B;4
32;2;3;2;0;7;3
32;3;0;3;3;8;62
32;3;1;4;3;V;40
32;3;2;1;3;T;6
32;3;3;2;3;H;3
32;4;0;3;2;7;13
32;4;1;4;2;B;40
32;4;2;1;1;H;29
32;4;3;2;2;T;38
32;5;0;3;3;B;5
32;5;1;4;1;7;65
32;5;2;1;1;T;29
32;5;3;2;3;9;38
32;6;0;3;2;H;5
32;6;1;4;1;V;65
32;6;2;1;1;A;29
32;6;3;2;0;9;53
32;7;0;3;3;7;13
32;7;1;4;3;A;40
32;7;2;1;1;9;29
32;7;3;2;0;V;53
32;8;0;3;0;T;13
32;8;1;4;1;B;65
32;8;2;1;0;8;36
32;8;3;2;1;8;35
32;=;1;122;30;0;10
33;1;0;4;2;9;7
33;1;1;3;2;8;40
33;1;2;2;2;B;36
33;1;3;1;2;7;39
33;2;0;2;1;A;7
33;2;1;3;1;T;40
33;2;2;4;1;9;36
33;2;3;1;1;7;3
33;3;0;2;0;A;8
33;3;1;3;3;8;53
33;3;2;4;0;8;36
33;3;3;1;0;B;3
33;4;0;2;1;H;8
33;4;1;3;1;8;40
33;4;2;4;3;H;69
33;4;3;1;1;B;3
33;5;0;4;2;A;57
33;5;1;3;3;B;53
33;5;2;2;3;T;68
33;5;3;1;2;T;38
33;6;0;4;2;H;55
33;6;1;3;3;V;53
33;6;2;2;0;9;68
33;6;3;1;1;V;53
33;7;0;2;3;7;47
33;7;1;3;3;A;40
33;7;2;4;2;V;28
33;7;3;1;0;H;53
33;8;0;2;3;9;8
33;8;1;3;0;V;53
33;8;2;4;0;7;53
33;8;3;1;0;T;53
33;=;2;0;152;0;30
34;1;0;3;3;7;5
34;1;1;4;0;7;65
34;1;2;1;3;V;36
34;1;3;2;3;8;3
34;2;0;4;2;T;7
34;2;1;3;2;V;40
34;2;2;2;2;9;4
34;2;3;1;2;H;3
34;3;0;2;3;A;2
34;3;1;3;3;T;40
34;3;2;4;2;8;53
34;3;3;1;0;V;29
34;4;0;3;3;9;13
34;4;1;4;3;B;40
34;4;2;1;0;H;29
34;4;3;2;0;B;29
34;5;0;4;1;H;9
34;5;1;3;1;8;34
34;5;2;2;1;T;4
34;5;3;1;1;7;38
34;6;0;4;1;V;13
34;6;1;3;1;B;40
34;6;2;2;1;A;36
34;6;3;1;0;A;29
34;7;0;1;0;9;58
34;7;1;4;2;A;53
34;7;2;3;1;9;53
34;7;3;2;0;8;38
34;8;0;3;3;H;5
34;8;1;4;0;T;65
34;8;2;1;2;B;53
34;8;3;2;2;7;68
34;=;0;76;76;0;10
35;1;0;4;3;V;7
35;1;1;3;3;A;40
35;1;2;2;3;B;6
35;1;3;1;3;7;3
35;2;0;4;3;9;57
35;2;1;3;2;7;53
35;2;2;2;3;8;36
35;2;3;1;3;H;38
35;3;0;4;2;8;13
35;3;1;3;2;H;40
35;3;2;2;2;9;23
35;3;3;1;2;A;38
35;4;0;3;0;T;7
35;4;1;4;0;8;40
35;4;2;1;0;9;4
35;4;3;2;0;H;3
35;5;0;3;0;A;9
35;5;1;4;2;B;53
35;5;2;1;0;V;36
35;5;3;2;0;B;38
35;6;0;3;0;7;9
35;6;1;4;1;H;53
35;6;2;1;1;V;68
35;6;3;2;1;7;53
35;7;0;1;1;A;8
35;7;1;4;2;T;53
35;7;2;3;1;B;36
35;7;3;2;1;9;38
35;8;0;1;1;8;47
35;8;1;4;1;T;40
35;8;2;3;3;T;28
35;8;3;2;2;V;53
35;=;3;100;52;30;0
36;1;0;1;1;B;58
36;1;1;4;3;8;53
36;1;2;3;0;V;69
36;1;3;2;1;H;3
36;2;0;3;3;9;5
36;2;1;4;1;V;65
36;2;2;1;3;7;36
36;2;3;2;3;A;38
36;3;0;2;1;9;58
36;3;1;3;3;V;53
36;3;2;4;2;8;53
36;3;3;1;1;7;3
36;4;0;4;2;A;7
36;4;1;3;2;V;34
36;4;2;2;2;B;4
36;4;3;1;2;9;3
36;5;0;4;0;8;13
36;5;1;3;0;T;40
36;5;2;2;0;7;23
36;5;3;1;0;H;38
36;6;0;1;1;A;58
36;6;1;4;1;8;40
36;6;2;3;2;T;69
36;6;3;2;2;7;53
36;7;0;3;3;T;9
36;7;1;4;0;B;53
36;7;2;1;2;H;53
36;7;3;2;0;9;53
36;8;0;1;1;T;56
36;8;1;4;3;H;53
36;8;2;3;3;B;53
36;8;3;2;0;A;53
36;=;1;105;47;10;0
37;1;0;2;3;9;63
37;1;1;3;0;V;53
37;1;2;4;0;9;69
37;1;3;1;3;8;38
37;2;0;4;1;H;11
37;2;1;3;2;H;53
37;2;2;2;1;8;4
37;2;3;1;1;A;46
37;3;0;3;2;T;7
37;3;1;4;2;7;40
37;3;2;1;2;B;4
37;3;3;2;2;V;38
37;4;0;1;1;B;54
37;4;1;4;1;V;40
37;4;2;3;3;V;12
37;4;3;2;1;T;38
37;5;0;3;0;T;13
37;5;1;4;0;7;34
37;5;2;1;0;B;36
37;5;3;2;0;8;3
37;6;0;3;2;9;5
37;6;1;4;3;7;65
37;6;2;1;2;8;36
37;6;3;2;0;H;53
37;7;0;4;0;A;13
37;7;1;3;2;A;53
37;7;2;2;3;H;35
37;7;3;1;1;7;53
37;8;0;2;3;T;15
37;8;1;3;3;B;40
37;8;2;4;3;A;36
37;8;3;1;1;9;68
37;=;3;105;47;50;0
38;1;0;1;3;8;1
38;1;1;4;3;T;40
38;1;2;3;3;B;6
38;1;3;2;3;7;3
38;2;0;1;1;V;54
38;2;1;4;1;9;34
38;2;2;3;3;H;12
38;2;3;2;1;7;34
38;3;0;3;0;8;5
38;3;1;4;3;V;65
38;3;2;1;0;7;36
38;3;3;2;0;B;3
38;4;0;4;2;A;1
38;4;1;3;2;T;40
38;4;2;2;0;V;68
38;4;3;1;2;7;3
38;5;0;4;1;A;9
38;5;1;3;1;8;40
38;5;2;2;1;H;36
38;5;3;1;1;B;3
38;6;0;2;0;A;8
38;6;1;3;0;H;40
38;6;2;4;0;9;36
38;6;3;1;2;8;53
38;7;0;4;2;H;9
38;7;1;3;2;B;40
38;7;2;2;0;T;68
38;7;3;1;2;9;38
38;8;0;4;2;V;5
38;8;1;3;3;9;65
38;8;2;2;3;A;35
38;8;3;1;1;T;68
38;=;3;75;77;10;0
39;1;0;2;0;A;7
39;1;1;3;0;H;40
39;1;2;4;0;V;36
39;1;3;1;0;7;3
39;2;0;2;3;9;63
39;2;1;3;3;T;40
39;2;2;4;3;H;36
39;2;3;1;0;8;53
39;3;0;4;1;7;13
39;3;1;3;1;A;16
39;3;2;2;1;8;23
39;3;3;1;1;H;3
39;4;0;3;0;B;7
39;4;1;4;0;9;40
39;4;2;1;0;T;36
39;4;3;2;3;V;29
39;5;0;4;1;9;13
39;5;1;3;1;B;40
39;5;2;2;1;V;36
39;5;3;1;1;T;38
39;6;0;1;2;A;8
39;6;1;4;2;H;40
39;6;2;3;2;9;36
39;6;3;2;2;7;3
39;7;0;1;2;B;14
39;7;1;4;3;8;65
39;7;2;3;3;A;28
39;7;3;2;2;8;34
39;8;0;1;2;V;14
39;8;1;4;3;B;65
39;8;2;3;3;7;35
39;8;3;2;2;T;38
39;=;3;58;94;50;50
40;1;0;1;3;T;7
40;1;1;4;3;9;18
40;1;2;3;3;B;6
40;1;3;2;3;8;38
40;2;0;3;0;T;7
40;2;1;4;0;V;34
40;2;2;1;0;8;36
40;2;3;2;0;9;38
40;3;0;3;2;7;5
40;3;1;4;3;V;65
40;3;2;1;2;H;23
40;3;3;2;2;8;32
40;4;0;4;1;T;7
40;4;1;3;2;B;53
40;4;2;2;1;8;4
40;4;3;1;1;B;3
40;5;0;2;1;A;7
40;5;1;3;0;H;53
40;5;2;4;1;V;36
40;5;3;1;1;9;3
40;6;0;4;3;A;57
40;6;1;3;3;7;40
40;6;2;2;2;T;68
40;6;3;1;3;H;38
40;7;0;4;0;B;13
40;7;1;3;0;A;40
40;7;2;2;2;9;53
40;7;3;1;1;H;68
40;8;0;3;0;7;9
40;8;1;4;2;V;53
40;8;2;1;2;A;53
40;8;3;2;1;7;53
40;=;3;88;64;80;0
41;1;0;2;0;A;8
41;1;1;3;0;9;40
41;1;2;4;0;B;36
41;1;3;1;0;8;3
41;2;0;2;1;A;8
41;2;1;3;1;7;40
41;2;2;4;1;H;36
41;2;3;1;1;8;3
41;3;0;4;2;9;57
41;3;1;3;3;9;53
41;3;2;2;2;B;66
41;3;3;1;2;V;3
41;4;0;4;2;T;57
41;4;1;3;2;8;40
41;4;2;2;2;A;66
41;4;3;1;2;H;38
41;5;0;4;0;T;9
41;5;1;3;3;B;53
41;5;2;2;0;V;36
41;5;3;1;0;H;38
41;6;0;4;0;7;9
41;6;1;3;1;V;53
41;6;2;2;3;V;68
41;6;3;1;1;9;53
41;7;0;2;2;7;56
41;7;1;3;3;T;53
41;7;2;4;3;8;53
41;7;3;1;3;H;53
41;8;0;4;3;7;13
41;8;1;3;3;A;40
41;8;2;2;1;B;53
41;8;3;1;1;T;68
41;=;2;23;129;10;0
42;1;0;1;3;7;7
42;1;1;4;3;H;40
42;1;2;3;3;9;6
42;1;3;2;3;8;38
42;2;0;1;0;T;63
42;2;1;4;0;9;40
42;2;2;3;0;8;36
42;2;3;2;0;A;46
42;3;0;4;2;8;13
42;3;1;3;2;A;40
42;3;2;2;2;7;23
42;3;3;1;2;9;24
42;4;0;3;3;V;55
42;4;1;4;0;7;53
42;4;2;1;3;T;67
42;4;3;2;1;7;53
42;5;0;3;3;B;55
42;5;1;4;2;V;53
42;5;2;1;3;A;36
42;5;3;2;1;8;53
42;6;0;3;0;H;7
42;6;1;4;1;V;53
42;6;2;1;0;B;36
42;6;3;2;0;V;38
42;7;0;3;1;B;13
42;7;1;4;1;T;40
42;7;2;1;1;9;36
42;7;3;2;1;H;38
42;8;0;4;2;T;9
42;8;1;3;1;A;53
42;8;2;2;2;H;36
42;8;3;1;2;B;38
42;=;3;88;64;60;50
43;1;0;2;1;A;8
43;1;1;3;1;7;34
43;1;2;4;1;H;36
43;1;3;1;1;9;38
43;2;0;2;3;A;8
43;2;1;3;3;9;34
43;2;2;4;2;B;69
43;2;3;1;3;8;3
43;3;0;2;3;7;41
43;3;1;3;3;T;40
43;3;2;4;0;7;45
43;3;3;1;3;V;38
43;4;0;2;1;V;54
43;4;1;3;1;B;34
43;4;2;4;0;9;12
43;4;3;1;0;B;29
43;5;0;3;3;B;5
43;5;1;4;0;A;65
43;5;2;1;2;7;53
43;5;3;2;2;V;68
43;6;0;2;0;T;58
43;6;1;3;2;9;53
43;6;2;4;2;8;53
43;6;3;1;0;H;38
43;7;0;4;2;A;9
43;7;1;3;1;T;53
43;7;2;2;0;8;35
43;7;3;1;2;H;3
43;8;0;4;3;H;9
43;8;1;3;1;8;53
43;8;2;2;0;V;35
43;8;3;1;2;T;53
43;=;0;39;113;0;10
44;1;0;3;0;B;57
44;1;1;4;0;7;40
44;1;2;1;0;T;4
44;1;3;2;0;A;38
44;2;0;1;2;T;63
44;2;1;4;3;V;53
44;2;2;3;1;8;69
44;2;3;2;2;7;3
44;3;0;3;3;7;13
44;3;1;4;3;A;16
44;3;2;1;3;B;36
44;3;3;2;3;9;38
44;4;0;4;2;A;7
44;4;1;3;2;H;40
44;4;2;2;2;V;36
44;4;3;1;2;8;3
44;5;0;4;3;H;13
44;5;1;3;3;8;40
44;5;2;2;1;B;53
44;5;3;1;0;V;29
44;6;0;3;0;9;57
44;6;1;4;0;8;40
44;6;2;1;0;H;36
44;6;3;2;1;V;53
44;7;0;1;2;B;8
44;7;1;4;1;A;53
44;7;2;3;1;7;53
44;7;3;2;1;H;53
44;8;0;3;3;T;9
44;8;1;4;1;9;53
44;8;2;1;2;9;53
44;8;3;2;1;T;53
44;=;0;121;31;10;20
45;1;0;2;0;8;7
45;1;1;3;0;9;40
45;1;2;4;0;B;6
45;1;3;1;0;A;3
45;2;0;4;0;T;57
45;2;1;3;1;8;53
45;2;2;2;0;H;36
45;2;3;1;0;7;38
45;3;0;4;1;7;13
45;3;1;3;1;V;34
45;3;2;2;1;T;36
45;3;3;1;3;9;53
45;4;0;4;3;B;5
45;4;1;3;0;V;65
45;4;2;2;3;7;34
45;4;3;1;3;H;3
45;5;0;3;2;A;9
45;5;1;4;1;B;53
45;5;2;1;2;7;4
45;5;3;2;2;8;3
45;6;0;1;2;T;8
45;6;1;4;2;9;40
45;6;2;3;2;V;36
45;6;3;2;2;H;38
45;7;0;1;2;B;8
45;7;1;4;3;V;53
45;7;2;3;1;H;53
45;7;3;2;3;8;53
45;8;0;1;3;A;8
45;8;1;4;1;A;53
45;8;2;3;1;9;53
45;8;3;2;3;T;38
45;=;0;80;72;10;0
46;1;0;1;2;9;7
46;1;1;4;2;8;34
46;1;2;3;2;B;6
46;1;3;2;2;V;3
46;2;0;1;3;T;41
46;2;1;4;3;A;40
46;2;2;3;2;7;45
46;2;3;2;3;8;3
46;3;0;3;2;A;57
46;3;1;4;2;H;40
46;3;2;1;0;T;68
46;3;3;2;2;T;38
46;4;0;3;1;A;9
46;4;1;4;3;9;53
46;4;2;1;1;7;4
46;4;3;2;1;9;3
46;5;0;3;0;8;13
46;5;1;4;0;A;16
46;5;2;1;0;7;36
46;5;3;2;0;V;3
46;6;0;2;1;T;7
46;6;1;3;1;B;40
46;6;2;4;0;B;53
46;6;3;1;1;8;3
46;7;0;4;3;H;9
46;7;1;3;0;9;53
46;7;2;2;3;B;36
46;7;3;1;1;V;53
46;8;0;4;3;V;9
46;8;1;3;3;7;40
46;8;2;2;0;H;53
46;8;3;1;1;H;53
46;=;2;104;48;0;10
47;1;0;4;2;7;5
47;1;1;3;1;B;65
47;1;2;2;2;V;34
47;1;3;1;2;8;32
47;2;0;1;3;A;7
47;2;1;4;3;8;40
47;2;2;3;3;9;36
47;2;3;2;3;7;38
47;3;0;3;2;B;5
47;3;1;4;1;H;65
47;3;2;1;2;9;23
47;3;3;2;2;A;38
47;4;0;2;1;A;58
47;4;1;3;0;9;53
47;4;2;4;3;V;69
47;4;3;1;1;T;38
47;5;0;2;1;V;56
47;5;1;3;0;V;53
47;5;2;4;0;T;69
47;5;3;1;3;B;53
47;6;0;2;1;9;56
47;6;1;3;3;H;53
47;6;2;4;0;7;53
47;6;3;1;0;B;53
47;7;0;2;1;8;56
47;7;1;3;2;T;53
47;7;2;4;0;8;53
47;7;3;1;2;H;53
47;8;0;4;3;T;9
47;8;1;3;0;A;53
47;8;2;2;1;7;35
47;8;3;1;0;H;53
47;=;1;34;118;20;10
48;1;0;1;2;H;7
48;1;1;4;2;V;40
48;1;2;3;2;B;6
48;1;3;2;2;7;39
48;2;0;1;3;A;7
48;2;1;4;3;B;40
48;2;2;3;3;V;22
48;2;3;2;3;T;3
48;3;0;3;1;A;9
48;3;1;4;1;7;34
48;3;2;1;1;8;4
48;3;3;2;1;T;38
48;4;0;3;3;9;5
48;4;1;4;2;9;65
48;4;2;1;3;8;36
48;4;3;2;3;H;38
48;5;0;2;0;A;7
48;5;1;3;0;H;34
48;5;2;4;0;9;36
48;5;3;1;0;8;38
48;6;0;4;1;B;13
48;6;1;3;1;V;16
48;6;2;2;2;T;29
48;6;3;1;1;H;38
48;7;0;4;3;7;13
48;7;1;3;1;9;53
48;7;2;2;0;7;53
48;7;3;1;2;8;29
48;8;0;3;0;T;7
48;8;1;4;0;V;40
48;8;2;1;2;A;35
48;8;3;2;0;B;38
48;=;2;100;52;90;20
49;1;0;2;1;A;8
49;1;1;3;1;7;34
49;1;2;4;0;H;69
49;1;3;1;3;H;29
49;2;0;1;0;T;7
49;2;1;4;0;V;40
49;2;2;3;0;9;36
49;2;3;2;0;8;3
49;3;0;1;2;T;7
49;3;1;4;2;8;40
49;3;2;3;2;9;36
49;3;3;2;2;B;38
49;4;0;3;3;8;7
49;4;1;4;3;9;18
49;4;2;1;3;B;6
49;4;3;2;3;V;3
49;5;0;1;0;A;63
49;5;1;4;0;7;40
49;5;2;3;1;T;69
49;5;3;2;0;B;38
49;6;0;1;2;7;5
49;6;1;4;2;V;40
49;6;2;3;1;8;53
49;6;3;2;1;V;53
49;7;0;4;3;7;55
49;7;1;3;1;9;53
49;7;2;2;3;T;67
49;7;3;1;2;H;53
49;8;0;2;3;A;56
49;8;1;3;1;H;53
49;8;2;4;1;B;53
49;8;3;1;2;A;53
49;=;3;104;48;70;10
50;1;0;1;2;A;7
50;1;1;4;2;T;40
50;1;2;3;2;8;36
50;1;3;2;2;H;3
50;2;0;3;2;B;5
50;2;1;4;3;V;65
50;2;2;1;2;V;36
50;2;3;2;2;9;38
50;3;0;4;0;T;7
50;3;1;3;0;9;40
50;3;2;2;0;B;4
50;3;3;1;0;H;38
50;4;0;4;0;7;5
50;4;1;3;3;H;65
50;4;2;2;0;V;34
50;4;3;1;1;8;53
50;5;0;3;0;8;13
50;5;1;4;1;7;53
50;5;2;1;3;7;35
50;5;3;2;0;A;38
50;6;0;3;1;B;13
50;6;1;4;1;V;34
50;6;2;1;3;8;29
50;6;3;2;1;9;3
50;7;0;3;2;7;5
50;7;1;4;3;B;65
50;7;2;1;3;A;35
50;7;3;2;1;H;68
50;8;0;4;1;A;13
50;8;1;3;1;T;40
50;8;2;2;3;T;35
50;8;3;1;3;9;29
50;=;3;93;59;10;20
51;1;0;2;3;B;7
51;1;1;3;3;V;34
51;1;2;4;1;T;69
51;1;3;1;3;8;3
51;2;0;2;0;T;7
51;2;1;3;0;9;40
51;2;2;4;1;H;69
51;2;3;1;0;H;3
51;3;0;4;1;8;5
51;3;1;3;3;T;65
51;3;2;2;2;7;53
51;3;3;1;1;7;32
51;4;0;1;3;9;58
51;4;1;4;3;A;40
51;4;2;3;2;T;69
51;4;3;2;3;7;38
51;5;0;3;2;A;9
51;5;1;4;1;9;53
51;5;2;1;0;B;68
51;5;3;2;2;8;3
51;6;0;1;3;H;56
51;6;1;4;0;7;53
51;6;2;3;2;B;53
51;6;3;2;2;9;53
51;7;0;3;2;V;13
51;7;1;4;1;A;53
51;7;2;1;0;8;53
51;7;3;2;2;H;38
51;8;0;2;0;A;8
51;8;1;3;1;V;53
51;8;2;4;0;V;36
51;8;3;1;1;B;53
51;=;3;64;88;0;10
52;1;0;3;0;A;7
52;1;1;4;0;B;40
52;1;2;1;0;9;4
52;1;3;2;0;V;3
52;2;0;3;2;V;7
52;2;1;4;3;7;53
52;2;2;1;2;B;6
52;2;3;2;2;8;3
52;3;0;3;1;A;7
52;3;1;4;1;8;40
52;3;2;1;1;V;4
52;3;3;2;1;7;3
52;4;0;3;2;9;57
52;4;1;4;2;A;40
52;4;2;1;2;7;36
52;4;3;2;2;H;38
52;5;0;1;0;7;47
52;5;1;4;0;H;40
52;5;2;3;2;T;28
52;5;3;2;0;T;38
52;6;0;1;0;8;8
52;6;1;4;3;H;53
52;6;2;3;3;9;53
52;6;3;2;3;8;53
52;7;0;3;1;9;13
52;7;1;4;3;B;53
52;7;2;1;1;B;36
52;7;3;2;1;T;46
52;8;0;4;3;A;9
52;8;1;3;3;V;40
52;8;2;2;1;H;53
52;8;3;1;3;T;38
52;=;2;110;42;0;30
53;1;0;2;0;8;7
53;1;1;3;1;7;53
53;1;2;4;0;B;6
53;1;3;1;0;T;3
53;2;0;2;3;A;2
53;2;1;3;3;T;40
53;2;2;4;1;T;52
53;2;3;1;3;B;3
53;3;0;2;3;H;8
53;3;1;3;1;B;53
53;3;2;4;2;9;53
53;3;3;1;3;V;38
53;4;0;2;1;H;41
53;4;1;3;1;A;40
53;4;2;4;0;7;45
53;4;3;1;1;8;3
53;5;0;2;2;T;7
53;5;1;3;2;H;40
53;5;2;4;2;V;22
53;5;3;1;2;B;38
53;6;0;2;3;9;5
53;6;1;3;3;8;40
53;6;2;4;3;7;36
53;6;3;1;0;9;29
53;7;0;3;0;A;7
53;7;1;4;0;H;40
53;7;2;1;1;V;68
53;7;3;2;0;V;38
53;8;0;1;1;9;8
53;8;1;4;2;A;53
53;8;2;3;2;8;53
53;8;3;2;2;7;53
53;=;0;46;106;70;50
54;1;0;1;0;A;7
54;1;1;4;3;8;53
54;1;2;3;0;B;6
54;1;3;2;0;V;3
54;2;0;1;2;8;5
54;2;1;4;2;A;16
54;2;2;3;2;V;34
54;2;3;2;1;H;68
54;3;0;4;0;8;7
54;3;1;3;0;H;40
54;3;2;2;0;9;6
54;3;3;1;0;7;39
54;4;0;4;2;7;13
54;4;1;3;2;T;40
54;4;2;2;3;9;53
54;4;3;1;2;B;3
54;5;0;3;3;A;7
54;5;1;4;3;T;34
54;5;2;1;3;H;36
54;5;3;2;3;B;38
54;6;0;3;2;9;9
54;6;1;4;3;V;53
54;6;2;1;2;H;36
54;6;3;2;1;9;53
54;7;0;1;0;T;56
54;7;1;4;3;7;53
54;7;2;3;1;7;53
54;7;3;2;1;B;53
54;8;0;3;1;8;13
54;8;1;4;1;V;40
54;8;2;1;1;T;36
54;8;3;2;1;A;38
54;=;0;92;60;0;30
55;1;0;4;3;H;7
55;1;1;3;3;V;40
55;1;2;2;3;B;6
55;1;3;1;2;8;53
55;2;0;4;0;A;7
55;2;1;3;0;9;40
55;2;2;2;0;T;4
55;2;3;1;0;H;3
55;3;0;4;1;A;9
55;3;1;3;1;7;34
55;3;2;2;2;T;68
55;3;3;1;1;8;3
55;4;0;4;2;7;5
55;4;1;3;3;9;65
55;4;2;2;2;9;23
55;4;3;1;2;B;3
55;5;0;3;1;V;5
55;5;1;4;3;T;65
55;5;2;1;1;9;36
55;5;3;2;2;V;68
55;6;0;4;1;T;9
55;6;1;3;1;H;40
55;6;2;2;0;8;68
55;6;3;1;0;B;53
55;7;0;4;3;A;55
55;7;1;3;1;B;53
55;7;2;2;3;7;36
55;7;3;1;2;H;53
55;8;0;4;3;8;55
55;8;1;3;0;V;53
55;8;2;2;0;7;68
55;8;3;1;2;A;53
55;=;3;16;136;0;50
56;1;0;1;3;V;7
56;1;1;4;1;8;53
56;1;2;3;3;B;6
56;1;3;2;3;8;3
56;2;0;3;2;A;9
56;2;1;4;2;H;40
56;2;2;1;2;8;4
56;2;3;2;2;7;3
56;3;0;3;1;7;13
56;3;1;4;1;T;40
56;3;2;1;1;H;23
56;3;3;2;1;B;38
56;4;0;2;0;B;1
56;4;1;3;0;T;40
56;4;2;4;0;A;6
56;4;3;1;0;8;38
56;5;0;2;3;9;58
56;5;1;3;3;H;34
56;5;2;4;0;7;53
56;5;3;1;3;7;38
56;6;0;4;0;9;5
56;6;1;3;3;A;65
56;6;2;2;0;H;36
56;6;3;1;1;V;68
56;7;0;3;2;V;13
56;7;1;4;0;V;53
56;7;2;1;2;9;36
56;7;3;2;2;B;38
56;8;0;3;2;T;13
56;8;1;4;1;A;53
56;8;2;1;1;9;53
56;8;3;2;3;T;29
56;=;3;64;88;0;10
57;1;0;2;0;8;7
57;1;1;3;0;H;40
57;1;2;4;0;9;6
57;1;3;1;0;7;39
57;2;0;2;2;T;7
57;2;1;3;2;H;40
57;2;2;4;2;B;22
57;2;3;1;2;8;3
57;3;0;2;0;A;58
57;3;1;3;3;9;53
57;3;2;4;3;B;53
57;3;3;1;0;T;38
57;4;0;4;2;A;9
57;4;1;3;2;7;40
57;4;2;2;1;T;68
57;4;3;1;2;9;38
57;5;0;4;2;V;9
57;5;1;3;3;V;53
57;5;2;2;1;9;68
57;5;3;1;3;7;53
57;6;0;2;0;V;56
57;6;1;3;1;B;53
57;6;2;4;1;7;53
57;6;3;1;1;8;53
57;7;0;2;0;B;56
57;7;1;3;1;H;53
57;7;2;4;1;V;53
57;7;3;1;3;T;53
57;8;0;4;3;H;13
57;8;1;3;1;A;53
57;8;2;2;3;8;36
57;8;3;1;3;A;38
57;=;0;26;126;10;20
58;1;0;1;3;H;7
58;1;1;4;3;V;40
58;1;2;3;3;B;6
58;1;3;2;3;7;39
58;2;0;1;1;T;7
58;2;1;4;1;8;40
58;2;2;3;1;9;22
58;2;3;2;3;T;29
58;3;0;2;2;T;7
58;3;1;3;2;8;40
58;3;2;4;2;9;22
58;3;3;1;2;V;3
58;4;0;4;0;H;7
58;4;1;3;0;B;40
58;4;2;2;0;V;4
58;4;3;1;2;7;53
58;5;0;2;3;A;58
58;5;1;3;3;8;40
58;5;2;4;0;T;69
58;5;3;1;1;7;53
58;6;0;4;0;9;9
58;6;1;3;1;V;53
58;6;2;2;0;8;4
58;6;3;1;2;B;53
58;7;0;4;2;A;9
58;7;1;3;1;B;53
58;7;2;2;0;A;53
58;7;3;1;2;H;38
58;8;0;4;0;7;9
58;8;1;3;1;H;53
58;8;2;2;3;9;35
58;8;3;1;1;A;53
58;=;3;27;125;40;70
59;1;0;4;0;A;7
59;1;1;3;0;H;40
59;1;2;2;0;B;6
59;1;3;1;0;9;3
59;2;0;2;1;A;8
59;2;1;3;3;8;53
59;2;2;4;1;7;36
59;2;3;1;1;9;3
59;3;0;4;2;B;13
59;3;1;3;2;9;40
59;3;2;2;2;H;49
59;3;3;1;2;7;38
59;4;0;2;1;B;54
59;4;1;3;1;8;40
59;4;2;4;0;8;12
59;4;3;1;1;V;3
59;5;0;4;3;V;13
59;5;1;3;3;T;16
59;5;2;2;3;7;23
59;5;3;1;3;A;38
59;6;0;3;0;T;57
59;6;1;4;2;V;53
59;6;2;1;0;V;36
59;6;3;2;0;7;38
59;7;0;1;1;H;8
59;7;1;4;3;H;53
59;7;2;3;3;B;53
59;7;3;2;3;9;53
59;8;0;1;1;T;8
59;8;1;4;2;A;53
59;8;2;3;2;8;53
59;8;3;2;2;T;53
59;=;0;81;71;10;0
60;1;0;1;2;T;7
60;1;1;4;2;9;40
60;1;2;3;2;B;36
60;1;3;2;2;7;3
60;2;0;3;3;T;7
60;2;1;4;3;A;18
60;2;2;1;3;9;6
60;2;3;2;3;8;38
60;3;0;1;2;A;7
60;3;1;4;2;H;40
60;3;2;3;0;T;69
60;3;3;2;2;V;38
60;4;0;1;3;B;58
60;4;1;4;3;7;34
60;4;2;3;0;8;53
60;4;3;2;1;7;53
60;5;0;3;0;B;13
60;5;1;4;0;A;40
60;5;2;1;0;7;23
60;5;3;2;0;9;38
60;6;0;4;3;H;7
60;6;1;3;3;V;40
60;6;2;2;1;B;68
60;6;3;1;0;V;53
60;7;0;4;2;8;9
60;7;1;3;1;H;53
60;7;2;2;1;9;68
60;7;3;1;1;T;53
60;8;0;4;1;V;13
60;8;1;3;0;H;53
60;8;2;2;1;8;36
60;8;3;1;1;A;38
60;=;3;113;39;70;20
61;1;0;4;0;T;7
61;1;1;3;0;9;40
61;1;2;2;3;B;68
61;1;3;1;0;7;3
61;2;0;4;0;A;9
61;2;1;3;3;9;53
61;2;2;2;3;8;68
61;2;3;1;0;B;38
61;3;0;4;0;H;9
61;3;1;3;2;9;53
61;3;2;2;3;7;53
61;3;3;1;1;B;29
61;4;0;1;3;H;54
61;4;1;4;3;V;40
61;4;2;3;1;V;12
61;4;3;2;3;T;38
61;5;0;3;2;B;13
61;5;1;4;2;T;16
61;5;2;1;2;H;36
61;5;3;2;1;7;35
61;6;0;2;1;A;58
61;6;1;3;2;8;53
61;6;2;4;2;7;53
61;6;3;1;1;8;3
61;7;0;2;1;T;58
61;7;1;3;2;A;53
61;7;2;4;0;8;53
61;7;3;1;1;H;38
61;8;0;4;2;V;9
61;8;1;3;0;V;53
61;8;2;2;1;9;35
61;8;3;1;3;A;53
61;=;1;44;108;0;10
62;1;0;3;3;B;57
62;1;1;4;0;9;53
62;1;2;1;3;A;36
62;1;3;2;3;8;3
62;2;0;3;1;7;5
62;2;1;4;3;V;65
62;2;2;1;1;8;34
62;2;3;2;1;B;38
62;3;0;4;0;A;7
62;3;1;3;0;H;40
62;3;2;2;0;V;4
62;3;3;1;0;7;3
62;4;0;2;3;T;58
62;4;1;3;3;7;34
62;4;2;4;0;B;53
62;4;3;1;2;8;53
62;5;0;2;3;9;58
62;5;1;3;3;H;40
62;5;2;4;2;T;69
62;5;3;1;0;8;53
62;6;0;4;1;A;9
62;6;1;3;2;7;53
62;6;2;2;2;H;68
62;6;3;1;1;V;3
62;7;0;2;0;T;8
62;7;1;3;2;B;53
62;7;2;4;2;V;53
62;7;3;1;1;H;53
62;8;0;4;1;9;13
62;8;1;3;2;A;53
62;8;2;2;2;9;53
62;8;3;1;1;T;38
62;=;3;52;100;10;20
63;1;0;4;2;V;7
63;1;1;3;2;H;40
63;1;2;2;2;B;6
63;1;3;1;2;8;38
63;2;0;2;0;A;8
63;2;1;3;0;8;40
63;2;2;4;0;V;36
63;2;3;1;0;7;38
63;3;0;4;2;A;57
63;3;1;3;2;7;40
63;3;2;2;2;9;66
63;3;3;1;3;8;53
63;4;0;4;3;V;7
63;4;1;3;1;V;53
63;4;2;2;3;T;4
63;4;3;1;3;B;38
63;5;0;4;3;A;9
63;5;1;3;1;B;53
63;5;2;2;3;7;4
63;5;3;1;1;8;53
63;6;0;4;3;9;9
63;6;1;3;1;H;53
63;6;2;2;3;H;36
63;6;3;1;1;9;53
63;7;0;2;2;T;56
63;7;1;3;0;H;53
63;7;2;4;0;9;53
63;7;3;1;1;T;53
63;8;0;4;0;B;13
63;8;1;3;0;T;40
63;8;2;2;1;7;53
63;8;3;1;1;A;53
63;=;2;23;129;10;60
64;1;0;3;3;8;5
64;1;1;4;0;V;65
64;1;2;1;3;V;36
64;1;3;2;3;7;32
64;2;0;4;2;T;7
64;2;1;3;2;7;40
64;2;2;2;2;8;36
64;2;3;1;2;B;3
64;3;0;2;1;T;7
64;3;1;3;1;B;40
64;3;2;4;1;9;36
64;3;3;1;1;H;38
64;4;0;2;0;B;58
64;4;1;3;0;8;34
64;4;2;4;2;V;53
64;4;3;1;0;7;3
64;5;0;4;3;H;5
64;5;1;3;0;T;65
64;5;2;2;3;9;23
64;5;3;1;2;H;68
64;6;0;3;0;9;55
64;6;1;4;3;A;53
64;6;2;1;0;H;4
64;6;3;2;1;7;53
64;7;0;1;0;A;56
64;7;1;4;2;A;53
64;7;2;3;3;B;53
64;7;3;2;3;T;53
64;8;0;1;2;9;8
64;8;1;4;1;8;53
64;8;2;3;1;V;53
64;8;3;2;1;A;53
64;=;0;95;57;10;20
65;1;0;4;2;V;7
65;1;1;3;2;7;40
65;1;2;2;2;B;6
65;1;3;1;2;8;3
65;2;0;2;3;A;8
65;2;1;3;3;7;40
65;2;2;4;1;7;53
65;2;3;1;3;B;3
65;3;0;2;3;H;8
65;3;1;3;0;9;53
65;3;2;4;1;9;53
65;3;3;1;3;V;38
65;4;0;2;2;9;58
65;4;1;3;0;B;53
65;4;2;4;1;B;53
65;4;3;1;2;H;38
65;5;0;4;1;V;13
65;5;1;3;1;A;40
65;5;2;2;1;T;36
65;5;3;1;1;8;38
65;6;0;3;0;V;13
65;6;1;4;3;8;53
65;6;2;1;0;7;4
65;6;3;2;2;T;29
65;7;0;4;1;H;13
65;7;1;3;0;A;53
65;7;2;2;3;9;53
65;7;3;1;0;8;53
65;8;0;4;0;T;13
65;8;1;3;2;A;65
65;8;2;2;3;T;53
65;8;3;1;0;H;38
65;=;2;59;93;10;0
66;1;0;3;3;T;7
66;1;1;4;3;H;40
66;1;2;1;3;B;6
66;1;3;2;3;8;3
66;2;0;3;0;T;7
66;2;1;4;0;8;34
66;2;2;1;0;7;36
66;2;3;2;0;V;38
66;3;0;1;1;A;7
66;3;1;4;1;T;40
66;3;2;3;1;H;36
66;3;3;2;1;8;3
66;4;0;3;2;T;7
66;4;1;4;2;7;34
66;4;2;1;2;8;4
66;4;3;2;2;9;38
66;5;0;1;2;A;8
66;5;1;4;2;H;40
66;5;2;3;0;9;53
66;5;3;2;3;V;29
66;6;0;2;1;V;8
66;6;1;3;2;B;53
66;6;2;4;0;B;53
66;6;3;1;1;7;3
66;7;0;4;2;V;9
66;7;1;3;0;A;53
66;7;2;2;3;A;35
66;7;3;1;1;9;53
66;8;0;2;3;9;56
66;8;1;3;0;H;53
66;8;2;4;3;7;36
66;8;3;1;1;B;53
66;=;3;82;70;50;10
67;1;0;2;1;9;10
67;1;1;3;1;B;40
67;1;2;4;1;T;6
67;1;3;1;1;A;46
67;2;0;3;0;H;62
67;2;1;4;0;V;40
67;2;2;1;0;9;6
67;2;3;2;0;B;30
67;3;0;2;0;A;58
67;3;1;3;2;9;53
67;3;2;4;2;T;52
67;3;3;1;3;8;53
67;4;0;4;1;H;9
67;4;1;3;3;V;53
67;4;2;2;2;V;68
67;4;3;1;1;7;3
67;5;0;2;0;T;58
67;5;1;3;0;7;40
67;5;2;4;2;7;53
67;5;3;1;3;B;53
67;6;0;2;0;8;56
67;6;1;3;3;T;53
67;6;2;4;2;8;53
67;6;3;1;1;V;53
67;7;0;4;1;8;9
67;7;1;3;2;H;53
67;7;2;2;3;9;68
67;7;3;1;3;H;53
67;8;0;4;2;B;13
67;8;1;3;2;A;40
67;8;2;2;3;7;53
67;8;3;1;3;A;53
67;=;0;47;105;30;40
68;1;0;1;0;T;7
68;1;1;4;0;V;40
68;1;2;3;0;B;6
68;1;3;2;0;7;39
68;2;0;1;1;A;8
68;2;1;4;1;B;40
68;2;2;3;2;8;69
68;2;3;2;1;8;3
68;3;0;1;2;9;54
68;3;1;4;2;V;34
68;3;2;3;0;H;12
68;3;3;2;2;B;3
68;4;0;1;2;7;41
68;4;1;4;2;T;40
68;4;2;3;0;8;45
68;4;3;2;2;H;3
68;5;0;3;1;T;9
68;5;1;4;3;9;53
68;5;2;1;1;7;36
68;5;3;2;1;9;3
68;6;0;1;3;B;5
68;6;1;4;3;T;40
68;6;2;3;3;A;21
68;6;3;2;0;9;29
68;7;0;2;2;A;8
68;7;1;3;3;7;53
68;7;2;4;3;8;53
68;7;3;1;3;V;53
68;8;0;2;1;V;47
68;8;1;3;1;H;40
68;8;2;4;0;A;28
68;8;3;1;3;H;53
68;=;0;79;73;20;10
69;1;0;2;3;7;7
69;1;1;3;3;H;40
69;1;2;4;3;T;6
69;1;3;1;3;8;3
69;2;0;4;1;T;9
69;2;1;3;1;H;40
69;2;2;2;1;V;4
69;2;3;1;1;7;3
69;3;0;4;2;A;9
69;3;1;3;2;7;34
69;3;2;2;0;B;68
69;3;3;1;2;8;3
69;4;0;2;3;A;58
69;4;1;3;2;9;53
69;4;2;4;0;H;69
69;4;3;1;3;V;38
69;5;0;4;1;B;9
69;5;1;3;0;7;53
69;5;2;2;1;A;36
69;5;3;1;1;9;38
69;6;0;4;1;8;9
69;6;1;3;2;T;53
69;6;2;2;0;9;68
69;6;3;1;0;8;53
69;7;0;4;2;H;9
69;7;1;3;0;T;53
69;7;2;2;3;9;35
69;7;3;1;2;V;38
69;8;0;4;2;B;9
69;8;1;3;0;A;53
69;8;2;2;3;B;35
69;8;3;1;0;V;53
69;=;3;0;152;0;10
70;1;0;1;1;V;54
70;1;1;4;1;9;40
70;1;2;3;3;T;12
70;1;3;2;1;8;34
70;2;0;3;2;A;7
70;2;1;4;2;B;40
70;2;2;1;2;T;4
70;2;3;2;2;8;3
70;3;0;3;2;7;5
70;3;1;4;3;7;65
70;3;2;1;2;H;36
70;3;3;2;2;9;38
70;4;0;2;3;B;7
70;4;1;3;3;8;34
70;4;2;4;0;7;53
70;4;3;1;3;H;3
70;5;0;4;0;V;5
70;5;1;3;3;V;65
70;5;2;2;0;9;23
70;5;3;1;0;T;48
70;6;0;3;3;A;55
70;6;1;4;1;B;53
70;6;2;1;3;9;36
70;6;3;2;0;B;53
70;7;0;3;1;7;13
70;7;1;4;1;H;40
70;7;2;1;0;8;53
70;7;3;2;1;A;38
70;8;0;4;2;V;9
70;8;1;3;1;T;53
70;8;2;2;0;A;53
70;8;3;1;0;H;53
70;=;3;81;71;0;10
71;1;0;2;2;T;62
71;1;1;3;2;B;40
71;1;2;4;1;T;52
71;1;3;1;2;A;46
71;2;0;3;1;A;9
71;2;1;4;1;7;34
71;2;2;1;1;8;4
71;2;3;2;1;B;38
71;3;0;1;1;9;47
71;3;1;4;1;H;40
71;3;2;3;0;A;28
71;3;3;2;3;7;53
71;4;0;1;2;9;54
71;4;1;4;2;V;40
71;4;2;3;0;V;12
71;4;3;2;2;8;38
71;5;0;1;2;7;5
71;5;1;4;0;7;65
71;5;2;3;3;8;53
71;5;3;2;3;V;53
71;6;0;4;0;B;57
71;6;1;3;1;V;53
71;6;2;2;0;T;36
71;6;3;1;0;8;3
71;7;0;4;3;9;13
71;7;1;3;3;H;40
71;7;2;2;3;A;49
71;7;3;1;3;B;38
71;8;0;4;2;H;5
71;8;1;3;0;9;65
71;8;2;2;3;T;53
71;8;3;1;0;H;35
71;=;0;99;53;10;0
72;1;0;3;0;H;13
72;1;1;4;3;8;53
72;1;2;1;0;7;4
72;1;3;2;0;T;46
72;2;0;2;1;V;10
72;2;1;3;1;T;40
72;2;2;4;1;9;6
72;2;3;1;1;A;3
72;3;0;2;3;7;5
72;3;1;3;3;T;40
72;3;2;4;3;A;36
72;3;3;1;1;8;29
72;4;0;3;3;9;5
72;4;1;4;1;7;65
72;4;2;1;2;7;53
72;4;3;2;3;B;3
72;5;0;2;3;V;5
72;5;1;3;1;H;65
72;5;2;4;2;9;53
72;5;3;1;2;8;53
72;6;0;3;2;B;13
72;6;1;4;2;H;40
72;6;2;1;2;A;49
72;6;3;2;0;B;53
72;7;0;3;2;T;13
72;7;1;4;1;B;65
72;7;2;1;2;V;36
72;7;3;2;3;H;68
72;8;0;4;0;8;13
72;8;1;3;0;A;40
72;8;2;2;0;V;36
72;8;3;1;0;9;38
72;=;1;61;91;10;0
73;1;0;2;3;8;7
73;1;1;3;3;A;18
73;1;2;4;3;B;6
73;1;3;1;3;9;38
73;2;0;2;3;H;58
73;2;1;3;3;7;40
73;2;2;4;1;T;69
73;2;3;1;2;7;53
73;3;0;2;1;A;8
73;3;1;3;2;B;53
73;3;2;4;0;7;53
73;3;3;1;1;7;3
73;4;0;4;0;V;7
73;4;1;3;2;V;53
73;4;2;2;0;T;4
73;4;3;1;0;B;38
73;5;0;4;0;A;9
73;5;1;3;1;B;53
73;5;2;2;0;8;36
73;5;3;1;2;8;53
73;6;0;4;0;H;9
73;6;1;3;2;T;53
73;6;2;2;1;V;53
73;6;3;1;1;8;53
73;7;0;2;3;T;58
73;7;1;3;3;V;40
73;7;2;4;2;9;53
73;7;3;1;1;9;53
73;8;0;4;0;9;9
73;8;1;3;2;A;53
73;8;2;2;1;H;53
73;8;3;1;2;H;53
73;=;3;0;152;0;30
74;1;0;1;2;V;7
74;1;1;4;2;H;40
74;1;2;3;2;T;6
74;1;3;2;2;7;38
74;2;0;1;3;A;2
74;2;1;4;3;T;40
74;2;2;3;1;V;69
74;2;3;2;3;8;3
74;3;0;3;2;9;57
74;3;1;4;1;B;53
74;3;2;1;2;B;66
74;3;3;2;1;7;53
74;4;0;1;2;A;56
74;4;1;4;1;H;53
74;4;2;3;1;8;53
74;4;3;2;3;B;53
74;5;0;3;1;9;13
74;5;1;4;1;A;40
74;5;2;1;3;7;53
74;5;3;2;1;T;38
74;6;0;4;0;H;13
74;6;1;3;0;9;40
74;6;2;2;0;V;36
74;6;3;1;0;8;3
74;7;0;4;0;T;13
74;7;1;3;0;7;40
74;7;2;2;3;V;53
74;7;3;1;0;B;38
74;8;0;4;0;A;13
74;8;1;3;2;8;65
74;8;2;2;3;H;53
74;8;3;1;3;9;68
74;=;2;109;43;30;0
75;1;0;2;1;7;41
75;1;1;3;1;A;40
75;1;2;4;0;V;45
75;1;3;1;1;8;34
75;2;0;2;3;T;7
75;2;1;3;3;8;40
75;2;2;4;3;9;22
75;2;3;1;3;H;38
75;3;0;2;0;B;58
75;3;1;3;0;7;34
75;3;2;4;1;V;69
75;3;3;1;0;9;38
75;4;0;4;2;9;13
75;4;1;3;2;T;40
75;4;2;2;2;8;23
75;4;3;1;2;7;24
75;5;0;1;2;A;63
75;5;1;4;2;V;40
75;5;2;3;1;T;69
75;5;3;2;2;B;38
75;6;0;1;2;H;5
75;6;1;4;0;H;65
75;6;2;3;3;B;53
75;6;3;2;1;9;68
75;7;0;4;3;A;9
75;7;1;3;3;V;40
75;7;2;2;3;7;36
75;7;3;1;1;B;53
75;8;0;4;0;A;57
75;8;1;3;0;8;40
75;8;2;2;0;T;36
75;8;3;1;1;H;53
75;=;0;36;116;50;30
76;1;0;3;0;A;7
76;1;1;4;0;V;34
76;1;2;1;0;B;6
76;1;3;2;0;7;3
76;2;0;3;3;7;13
76;2;1;4;3;T;16
76;2;2;1;3;V;23
76;2;3;2;3;9;38
76;3;0;4;0;H;57
76;3;1;3;3;8;53
76;3;2;2;0;9;36
76;3;3;1;2;8;53
76;4;0;4;0;T;55
76;4;1;3;2;T;53
76;4;2;2;1;H;68
76;4;3;1;1;9;53
76;5;0;4;2;9;13
76;5;1;3;2;A;40
76;5;2;2;2;7;23
76;5;3;1;2;H;38
76;6;0;3;1;T;7
76;6;1;4;1;B;40
76;6;2;1;1;A;36
76;6;3;2;1;7;3
76;7;0;3;2;V;9
76;7;1;4;3;B;53
76;7;2;1;3;H;53
76;7;3;2;2;B;38
76;8;0;1;3;A;8
76;8;1;4;1;8;53
76;8;2;3;0;8;35
76;8;3;2;1;V;53
76;=;0;97;55;10;0
77;1;0;4;1;8;62
77;1;1;3;2;8;53
77;1;2;2;1;T;6
77;1;3;1;1;A;46
77;2;0;1;2;T;62
77;2;1;4;2;B;40
77;2;2;3;3;T;52
77;2;3;2;2;H;3
77;3;0;3;3;A;9
77;3;1;4;3;9;34
77;3;2;1;3;7;36
77;3;3;2;0;8;29
77;4;0;2;0;V;7
77;4;1;3;0;H;18
77;4;2;4;0;B;6
77;4;3;1;0;A;38
77;5;0;2;0;T;58
77;5;1;3;0;7;40
77;5;2;4;3;V;69
77;5;3;1;1;9;53
77;6;0;2;0;9;56
77;6;1;3;3;H;53
77;6;2;4;3;8;53
77;6;3;1;1;B;53
77;7;0;4;3;B;9
77;7;1;3;2;9;53
77;7;2;2;2;V;68
77;7;3;1;1;V;53
77;8;0;4;2;7;13
77;8;1;3;2;A;40
77;8;2;2;1;7;53
77;8;3;1;1;H;68
77;=;0;62;90;10;70
78;1;0;1;3;7;47
78;1;1;4;3;H;40
78;1;2;3;1;H;28
78;1;3;2;3;9;38
78;2;0;3;0;H;11
78;2;1;4;0;8;40
78;2;2;1;0;T;36
78;2;3;2;0;A;46
78;3;0;4;1;V;7
78;3;1;3;1;A;40
78;3;2;2;1;B;6
78;3;3;1;1;9;3
78;4;0;2;2;V;54
78;4;1;3;2;8;34
78;4;2;4;1;7;12
78;4;3;1;2;B;3
78;5;0;2;2;9;54
78;5;1;3;2;H;34
78;5;2;4;1;8;12
78;5;3;1;2;T;38
78;6;0;4;3;8;13
78;6;1;3;3;A;40
78;6;2;2;2;7;53
78;6;3;1;3;V;3
78;7;0;3;0;V;9
78;7;1;4;0;9;40
78;7;2;1;3;T;53
78;7;3;2;0;7;3
78;8;0;3;2;A;9
78;8;1;4;3;B;53
78;8;2;1;1;T;35
78;8;3;2;0;B;53
78;=;1;60;92;10;0
79;1;0;2;1;A;8
79;1;1;3;3;7;53
79;1;2;4;1;8;36
79;1;3;1;1;V;3
79;2;0;2;0;H;7
79;2;1;3;0;V;40
79;2;2;4;0;B;6
79;2;3;1;0;7;38
79;3;0;4;0;9;57
79;3;1;3;3;8;53
79;3;2;2;0;8;4
79;3;3;1;2;8;53
79;4;0;2;0;A;56
79;4;1;3;1;7;53
79;4;2;4;3;T;52
79;4;3;1;2;9;53
79;5;0;4;1;9;13
79;5;1;3;3;B;53
79;5;2;2;2;7;53
79;5;3;1;1;T;46
79;6;0;3;3;A;7
79;6;1;4;2;H;53
79;6;2;1;3;V;36
79;6;3;2;3;H;38
79;7;0;1;2;A;2
79;7;1;4;2;T;40
79;7;2;3;1;B;53
79;7;3;2;2;B;3
79;8;0;1;1;H;8
79;8;1;4;3;9;53
79;8;2;3;0;T;35
79;8;3;2;2;V;53
79;=;0;76;76;30;40
80;1;0;3;3;T;7
80;1;1;4;2;V;53
80;1;2;1;3;9;6
80;1;3;2;3;8;38
80;2;0;1;3;B;58
80;2;1;4;2;9;53
80;2;2;3;0;T;69
80;2;3;2;1;8;53
80;3;0;1;2;7;41
80;3;1;4;2;A;40
80;3;2;3;3;H;45
80;3;3;2;2;H;38
80;4;0;3;1;7;13
80;4;1;4;1;A;40
80;4;2;1;1;V;36
80;4;3;2;1;9;3
80;5;0;4;0;A;7
80;5;1;3;0;8;40
80;5;2;2;0;V;4
80;5;3;1;0;7;3
80;6;0;2;1;T;8
80;6;1;3;1;H;40
80;6;2;4;2;8;53
80;6;3;1;0;9;53
80;7;0;2;1;B;5
80;7;1;3;3;A;65
80;7;2;4;3;7;35
80;7;3;1;0;H;68
80;8;0;3;2;T;13
80;8;1;4;3;V;65
80;8;2;1;2;B;36
80;8;3;2;0;B;68
80;=;3;93;59;20;10
81;1;0;4;2;A;57
81;1;1;3;2;H;40
81;1;2;2;2;9;66
81;1;3;1;2;8;38
81;2;0;2;1;8;41
81;2;1;3;1;A;40
81;2;2;4;2;V;45
81;2;3;1;1;7;34
81;3;0;2;1;T;8
81;3;1;3;0;7;53
81;3;2;4;3;9;53
81;3;3;1;1;9;38
81;4;0;2;2;7;1
81;4;1;3;2;T;40
81;4;2;4;2;B;6
81;4;3;1;3;8;53
81;5;0;4;1;H;9
81;5;1;3;3;H;53
81;5;2;2;1;B;36
81;5;3;1;0;9;53
81;6;0;4;1;V;9
81;6;1;3;0;8;53
81;6;2;2;0;H;68
81;6;3;1;3;B;53
81;7;0;4;3;V;13
81;7;1;3;3;T;40
81;7;2;2;3;7;36
81;7;3;1;3;A;38
81;8;0;3;0;A;7
81;8;1;4;0;V;40
81;8;2;1;0;T;36
81;8;3;2;0;B;38
81;=;2;50;102;30;0
82;1;0;1;1;B;58
82;1;1;4;1;A;40
82;1;2;3;1;H;36
82;1;3;2;1;7;3
82;2;0;1;1;9;58
82;2;1;4;2;7;53
82;2;2;3;2;T;69
82;2;3;2;1;8;3
82;3;0;3;3;7;13
82;3;1;4;3;A;40
82;3;2;1;3;8;23
82;3;3;2;3;B;3
82;4;0;4;2;A;7
82;4;1;3;2;H;40
82;4;2;2;2;8;36
82;4;3;1;2;B;3
82;5;0;2;3;T;8
82;5;1;3;3;H;40
82;5;2;4;3;9;36
82;5;3;1;3;V;38
82;6;0;4;1;V;55
82;6;1;3;0;8;53
82;6;2;2;1;T;36
82;6;3;1;0;7;53
82;7;0;4;0;B;13
82;7;1;3;0;H;40
82;7;2;2;0;T;49
82;7;3;1;0;9;38
82;8;0;4;2;9;13
82;8;1;3;0;A;53
82;8;2;2;0;V;53
82;8;3;1;2;V;38
82;=;1;76;76;10;20
83;1;0;2;2;A;7
83;1;1;3;2;H;40
83;1;2;4;2;9;6
83;1;3;1;2;7;3
83;2;0;4;3;T;7
83;2;1;3;3;9;40
83;2;2;2;3;H;36
83;2;3;1;3;7;3
83;3;0;2;0;7;41
83;3;1;3;0;T;40
83;3;2;4;2;8;45
83;3;3;1;0;H;3
83;4;0;4;3;A;9
83;4;1;3;1;9;53
83;4;2;2;0;V;68
83;4;3;1;3;8;38
83;5;0;2;2;B;58
83;5;1;3;0;9;53
83;5;2;4;1;8;53
83;5;3;1;2;T;38
83;6;0;4;3;V;13
83;6;1;3;1;V;53
83;6;2;2;1;7;53
83;6;3;1;1;B;53
83;7;0;4;3;B;13
83;7;1;3;1;T;53
83;7;2;2;0;8;53
83;7;3;1;1;A;53
83;8;0;4;1;H;5
83;8;1;3;2;V;65
83;8;2;2;0;B;53
83;8;3;1;0;A;53
83;=;2;20;132;10;0
84;1;0;3;1;A;7
84;1;1;4;1;8;40
84;1;2;1;1;V;4
84;1;3;2;1;T;3
84;2;0;3;0;A;9
84;2;1;4;0;7;34
84;2;2;1;1;B;68
84;2;3;2;0;B;3
84;3;0;1;3;V;5
84;3;1;4;3;7;40
84;3;2;3;3;A;66
84;3;3;2;2;V;53
84;4;0;3;3;B;55
84;4;1;4;2;7;53
84;4;2;1;3;9;4
84;4;3;2;0;V;53
84;5;0;3;3;8;55
84;5;1;4;2;8;53
84;5;2;1;3;T;67
84;5;3;2;1;H;53
84;6;0;1;3;H;56
84;6;1;4;2;9;53
84;6;2;3;2;T;69
84;6;3;2;0;H;53
84;7;0;3;1;7;13
84;7;1;4;1;9;40
84;7;2;1;2;B;53
84;7;3;2;0;T;68
84;8;0;2;2;A;8
84;8;1;3;0;9;53
84;8;2;4;0;8;53
84;8;3;1;2;H;38
84;=;3;125;27;0;10
85;1;0;2;0;A;8
85;1;1;3;0;B;34
85;1;2;4;2;8;69
85;1;3;1;0;7;38
85;2;0;2;3;T;63
85;2;1;3;3;8;40
85;2;2;4;3;V;36
85;2;3;1;3;A;46
85;3;0;1;1;B;7
85;3;1;4;1;7;34
85;3;2;3;0;H;69
85;3;3;2;1;H;3
85;4;0;3;2;7;5
85;4;1;4;1;8;65
85;4;2;1;2;H;23
85;4;3;2;2;9;3
85;5;0;4;1;T;57
85;5;1;3;0;9;53
85;5;2;2;1;9;67
85;5;3;1;1;V;38
85;6;0;4;0;T;9
85;6;1;3;0;V;40
85;6;2;2;2;V;68
85;6;3;1;3;7;53
85;7;0;4;2;A;9
85;7;1;3;0;8;53
85;7;2;2;3;9;68
85;7;3;1;2;T;38
85;8;0;4;2;B;9
85;8;1;3;3;H;53
85;8;2;2;1;A;35
85;8;3;1;3;B;53
85;=;1;52;100;0;10
86;1;0;1;1;H;7
86;1;1;4;0;V;53
86;1;2;3;1;T;6
86;1;3;2;1;7;3
86;2;0;1;2;A;8
86;2;1;4;2;H;40
86;2;2;3;2;B;36
86;2;3;2;2;7;3
86;3;0;1;1;A;58
86;3;1;4;1;V;40
86;3;2;3;0;T;69
86;3;3;2;1;8;38
86;4;0;3;0;9;7
86;4;1;4;3;8;53
86;4;2;1;0;7;4
86;4;3;2;0;8;38
86;5;0;3;0;B;9
86;5;1;4;3;H;53
86;5;2;1;0;H;4
86;5;3;2;3;9;53
86;6;0;1;0;A;8
86;6;1;4;2;V;53
86;6;2;3;3;7;53
86;6;3;2;3;B;53
86;7;0;1;1;B;56
86;7;1;4;3;A;53
86;7;2;3;2;8;53
86;7;3;2;3;V;53
86;8;0;1;1;9;56
86;8;1;4;3;T;53
86;8;2;3;2;9;53
86;8;3;2;2;T;53
86;=;1;152;0;30;0
87;1;0;2;1;T;7
87;1;1;3;2;7;53
87;1;2;4;1;B;6
87;1;3;1;1;9;38
87;2;0;2;1;A;58
87;2;1;3;0;B;53
87;2;2;4;3;9;69
87;2;3;1;3;7;53
87;3;0;2;1;H;58
87;3;1;3;1;7;40
87;3;2;4;0;T;69
87;3;3;1;0;8;53
87;4;0;4;3;8;13
87;4;1;3;3;T;40
87;4;2;2;2;8;53
87;4;3;1;3;A;46
87;5;0;1;0;A;7
87;5;1;4;0;7;34
87;5;2;3;2;V;53
87;5;3;2;0;9;3
87;6;0;3;2;A;9
87;6;1;4;2;H;40
87;6;2;1;3;B;53
87;6;3;2;2;9;3
87;7;0;1;3;H;8
87;7;1;4;0;V;53
87;7;2;3;1;8;35
87;7;3;2;2;B;53
87;8;0;1;3;V;8
87;8;1;4;2;T;53
87;8;2;3;1;V;35
87;8;3;2;0;H;53
87;=;1;81;71;10;20
88;1;0;1;3;9;7
88;1;1;4;3;7;40
88;1;2;3;3;B;6
88;1;3;2;3;T;38
88;2;0;1;1;T;7
88;2;1;4;2;B;53
88;2;2;3;1;8;36
88;2;3;2;1;A;46
88;3;0;2;1;7;5
88;3;1;3;3;A;65
88;3;2;4;0;V;53
88;3;3;1;0;T;51
88;4;0;1;3;H;58
88;4;1;4;0;H;53
88;4;2;3;2;V;69
88;4;3;2;1;9;53
88;5;0;1;3;V;58
88;5;1;4;3;8;40
88;5;2;3;0;7;53
88;5;3;2;0;8;53
88;6;0;3;1;H;9
88;6;1;4;2;T;53
88;6;2;1;2;H;68
88;6;3;2;1;B;3
88;7;0;3;0;9;13
88;7;1;4;0;A;40
88;7;2;1;2;8;53
88;7;3;2;1;V;68
88;8;0;2;2;A;8
88;8;1;3;0;B;53
88;8;2;4;2;7;36
88;8;3;1;2;9;38
88;=;3;102;50;20;10
89;1;0;2;0;T;7
89;1;1;3;0;9;40
89;1;2;4;0;B;6
89;1;3;1;0;V;38
89;2;0;4;2;T;7
89;2;1;3;3;7;53
89;2;2;2;2;B;4
89;2;3;1;2;7;3
89;3;0;4;3;A;7
89;3;1;3;3;8;34
89;3;2;2;3;9;4
89;3;3;1;2;9;53
89;4;0;2;0;A;58
89;4;1;3;0;H;40
89;4;2;4;0;7;36
89;4;3;1;1;7;53
89;5;0;4;2;A;9
89;5;1;3;3;B;53
89;5;2;2;2;V;36
89;5;3;1;1;8;53
89;6;0;4;2;H;9
89;6;1;3;3;V;53
89;6;2;2;1;V;68
89;6;3;1;1;9;53
89;7;0;4;2;8;9
89;7;1;3;1;H;53
89;7;2;2;3;H;53
89;7;3;1;1;B;53
89;8;0;4;3;T;9
89;8;1;3;1;A;53
89;8;2;2;0;8;35
89;8;3;1;1;T;53
89;=;0;0;152;0;60
90;1;0;1;1;A;8
90;1;1;4;1;7;40
90;1;2;3;2;9;69
90;1;3;2;1;H;38
90;2;0;3;2;A;7
90;2;1;4;2;8;40
90;2;2;1;2;H;36
90;2;3;2;2;B;3
90;3;0;3;3;B;57
90;3;1;4;3;7;34
90;3;2;1;1;T;68
90;3;3;2;3;8;3
90;4;0;3;2;7;5
90;4;1;4;3;A;65
90;4;2;1;1;8;53
90;4;3;2;2;V;38
90;5;0;2;0;T;7
90;5;1;3;0;8;40
90;5;2;4;0;7;22
90;5;3;1;0;H;3
90;6;0;2;3;9;58
90;6;1;3;3;V;34
90;6;2;4;2;T;69
90;6;3;1;1;9;53
90;7;0;4;1;B;5
90;7;1;3;3;H;65
90;7;2;2;0;B;53
90;7;3;1;1;V;38
90;8;0;3;3;T;55
90;8;1;4;0;V;53
90;8;2;1;0;9;68
90;8;3;2;0;A;53
90;=;3;97;55;10;0
91;1;0;2;2;V;7
91;1;1;3;2;A;42
91;1;2;4;2;B;6
91;1;3;1;3;7;53
91;2;0;4;2;T;57
91;2;1;3;2;7;34
91;2;2;2;2;9;66
91;2;3;1;1;7;53
91;3;0;4;0;T;11
91;3;1;3;0;V;40
91;3;2;2;0;8;4
91;3;3;1;0;7;3
91;4;0;4;3;8;5
91;4;1;3;2;H;65
91;4;2;2;3;H;36
91;4;3;1;3;A;48
91;5;0;3;0;A;11
91;5;1;4;0;B;40
91;5;2;1;0;H;36
91;5;3;2;0;9;38
91;6;0;3;1;A;7
91;6;1;4;1;B;40
91;6;2;1;1;V;4
91;6;3;2;1;8;3
91;7;0;3;1;9;13
91;7;1;4;3;9;53
91;7;2;1;1;H;36
91;7;3;2;1;T;38
91;8;0;4;3;T;7
91;8;1;3;3;B;40
91;8;2;2;2;8;35
91;8;3;1;3;V;38
91;=;2;52;100;0;30
92;1;0;1;1;B;58
92;1;1;4;2;B;53
92;1;2;3;1;V;36
92;1;3;2;1;7;38
92;2;0;1;1;9;58
92;2;1;4;0;V;53
92;2;2;3;0;H;69
92;2;3;2;3;7;53
92;3;0;3;2;8;13
92;3;1;4;2;A;16
92;3;2;1;1;8;29
92;3;3;2;2;7;34
92;4;0;1;1;H;5
92;4;1;4;1;A;40
92;4;2;3;0;7;53
92;4;3;2;3;V;68
92;5;0;4;0;T;7
92;5;1;3;0;9;40
92;5;2;2;0;8;4
92;5;3;1;0;B;38
92;6;0;2;3;A;7
92;6;1;3;3;T;40
92;6;2;4;3;9;36
92;6;3;1;3;H;3
92;7;0;4;2;H;9
92;7;1;3;2;V;40
92;7;2;2;2;9;36
92;7;3;1;3;8;53
92;8;0;4;2;T;13
92;8;1;3;1;T;65
92;8;2;2;0;A;53
92;8;3;1;3;B;68
92;=;1;90;62;10;50
93;1;0;4;3;H;7
93;1;1;3;3;B;40
93;1;2;2;3;V;4
93;1;3;1;0;V;29
93;2;0;3;2;A;9
93;2;1;4;2;7;40
93;2;2;1;2;T;36
93;2;3;2;2;B;3
93;3;0;3;2;8;5
93;3;1;4;0;9;65
93;3;2;1;1;8;53
93;3;3;2;2;H;38
93;4;0;4;1;A;7
93;4;1;3;1;7;34
93;4;2;2;1;H;36
93;4;3;1;1;9;3
93;5;0;4;3;8;5
93;5;1;3;0;7;65
93;5;2;2;3;7;23
93;5;3;1;1;B;53
93;6;0;3;0;B;57
93;6;1;4;3;9;53
93;6;2;1;0;T;4
93;6;3;2;0;8;3
93;7;0;3;2;V;13
93;7;1;4;3;A;53
93;7;2;1;1;T;53
93;7;3;2;0;A;29
93;8;0;4;2;9;13
93;8;1;3;1;V;53
93;8;2;2;3;T;53
93;8;3;1;0;H;29
93;=;0;84;68;30;0
94;1;0;3;2;9;13
94;1;1;4;2;V;40
94;1;2;1;2;7;36
94;1;3;2;2;T;46
94;2;0;4;3;A;7
94;2;1;3;3;H;40
94;2;2;2;3;B;36
94;2;3;1;3;9;3
94;3;0;2;1;T;7
94;3;1;3;1;7;40
94;3;2;4;1;9;22
94;3;3;1;1;V;3
94;4;0;4;3;7;5
94;4;1;3;0;H;65
94;4;2;2;0;9;29
94;4;3;1;3;V;38
94;5;0;4;1;H;13
94;5;1;3;0;B;65
94;5;2;2;1;A;36
94;5;3;1;1;8;32
94;6;0;1;1;B;5
94;6;1;4;0;A;65
94;6;2;3;3;8;53
94;6;3;2;2;H;68
94;7;0;4;3;T;13
94;7;1;3;2;8;53
94;7;2;2;0;7;35
94;7;3;1;0;V;29
94;8;0;1;0;T;58
94;8;1;4;2;A;53
94;8;2;3;2;B;53
94;8;3;2;0;8;38
94;=;0;71;81;10;0
95;1;0;2;2;A;8
95;1;1;3;2;9;34
95;1;2;4;3;T;52
95;1;3;1;2;7;34
95;2;0;2;0;9;10
95;2;1;3;1;7;53
95;2;2;4;0;T;6
95;2;3;1;0;V;3
95;3;0;4;3;9;11
95;3;1;3;0;7;53
95;3;2;2;3;H;36
95;3;3;1;3;B;30
95;4;0;3;1;A;9
95;4;1;4;1;8;34
95;4;2;1;0;H;68
95;4;3;2;1;9;3
95;5;0;1;3;A;58
95;5;1;4;3;8;40
95;5;2;3;3;7;36
95;5;3;2;0;8;53
95;6;0;1;3;V;56
95;6;1;4;2;8;53
95;6;2;3;2;B;53
95;6;3;2;1;V;53
95;7;0;3;0;A;9
95;7;1;4;1;B;53
95;7;2;1;0;B;36
95;7;3;2;1;H;53
95;8;0;3;2;V;13
95;8;1;4;2;T;40
95;8;2;1;2;H;36
95;8;3;2;1;T;68
95;=;3;91;61;0;10
96;1;0;1;1;A;8
96;1;1;4;1;8;40
96;1;2;3;2;H;69
96;1;3;2;1;9;3
96;2;0;1;0;H;54
96;2;1;4;0;T;34
96;2;2;3;3;9;12
96;2;3;2;0;8;34
96;3;0;1;0;7;54
96;3;1;4;0;9;34
96;3;2;3;3;A;12
96;3;3;2;0;B;3
96;4;0;3;2;B;13
96;4;1;4;2;T;16
96;4;2;1;2;8;23
96;4;3;2;2;A;38
96;5;0;4;2;7;5
96;5;1;3;3;V;65
96;5;2;2;3;H;29
96;5;3;1;2;V;38
96;6;0;4;2;9;5
96;6;1;3;3;T;65
96;6;2;2;0;V;53
96;6;3;1;1;V;68
96;7;0;3;3;B;55
96;7;1;4;0;A;53
96;7;2;1;3;7;4
96;7;3;2;1;H;53
96;8;0;1;3;8;56
96;8;1;4;1;B;53
96;8;2;3;1;7;53
96;8;3;2;1;T;53
96;=;3;119;33;10;20
97;1;0;4;3;A;9
97;1;1;3;3;B;34
97;1;2;2;3;V;4
97;1;3;1;3;7;38
97;2;0;4;0;B;57
97;2;1;3;0;8;40
97;2;2;2;0;V;4
97;2;3;1;0;7;3
97;3;0;2;1;V;54
97;3;1;3;1;8;34
97;3;2;4;0;T;12
97;3;3;1;1;A;38
97;4;0;4;3;9;13
97;4;1;3;3;T;16
97;4;2;2;3;H;36
97;4;3;1;2;9;53
97;5;0;1;0;A;58
97;5;1;4;2;8;53
97;5;2;3;3;8;53
97;5;3;2;0;H;38
97;6;0;1;0;9;56
97;6;1;4;2;V;53
97;6;2;3;1;B;53
97;6;3;2;2;7;53
97;7;0;3;1;H;13
97;7;1;4;1;T;40
97;7;2;1;2;H;53
97;7;3;2;1;7;3
97;8;0;4;2;A;9
97;8;1;3;2;B;40
97;8;2;2;1;9;53
97;8;3;1;2;T;38
97;=;0;48;104;0;10
98;1;0;3;3;B;7
98;1;1;4;3;V;34
98;1;2;1;2;T;68
98;1;3;2;3;7;3
98;2;0;1;1;A;8
98;2;1;4;1;9;34
98;2;2;3;0;H;53
98;2;3;2;3;H;29
98;3;0;4;1;T;9
98;3;1;3;1;H;40
98;3;2;2;2;V;68
98;3;3;1;2;7;53
98;4;0;4;2;8;5
98;4;1;3;3;8;65
98;4;2;2;2;B;23
98;4;3;1;2;9;3
98;5;0;3;3;9;57
98;5;1;4;3;A;40
98;5;2;1;2;H;68
98;5;3;2;0;9;53
98;6;0;3;3;T;55
98;6;1;4;0;7;53
98;6;2;1;0;8;68
98;6;3;2;0;B;53
98;7;0;3;1;8;13
98;7;1;4;1;V;16
98;7;2;1;0;V;53
98;7;3;2;2;A;53
98;8;0;2;0;A;8
98;8;1;3;1;B;53
98;8;2;4;1;7;53
98;8;3;1;0;T;38
98;=;3;76;76;0;10
99;1;0;2;0;7;47
99;1;1;3;0;H;40
99;1;2;4;3;V;28
99;1;3;1;3;H;29
99;2;0;1;1;A;8
99;2;1;4;1;9;34
99;2;2;3;2;V;69
99;2;3;2;1;7;3
99;3;0;3;2;H;5
99;3;1;4;3;T;65
99;3;2;1;2;8;34
99;3;3;2;1;8;53
99;4;0;4;1;B;5
99;4;1;3;3;7;65
99;4;2;2;1;V;36
99;4;3;1;1;H;38
99;5;0;3;3;B;57
99;5;1;4;2;7;53
99;5;2;1;2;T;68
99;5;3;2;3;A;3
99;6;0;3;0;A;13
99;6;1;4;0;9;40
99;6;2;1;2;9;53
99;6;3;2;0;V;3
99;7;0;1;2;B;14
99;7;1;4;1;T;53
99;7;2;3;3;8;35
99;7;3;2;3;9;29
99;8;0;2;0;T;8
99;8;1;3;0;B;40
99;8;2;4;0;8;36
99;8;3;1;2;A;53
99;=;3;89;63;40;10
100;1;0;1;2;B;41
100;1;1;4;2;A;40
100;1;2;3;3;T;45
100;1;3;2;2;T;38
100;2;0;3;2;V;9
100;2;1;4;2;7;40
100;2;2;1;2;H;36
100;2;3;2;1;8;53
100;3;0;3;3;B;57
100;3;1;4;3;A;40
100;3;2;1;3;9;4
100;3;3;2;0;B;53
100;4;0;3;2;8;5
100;4;1;4;3;7;65
100;4;2;1;3;V;29
100;4;3;2;0;V;53
100;5;0;3;0;7;13
100;5;1;4;1;9;53
100;5;2;1;0;9;36
100;5;3;2;0;T;46
100;6;0;2;1;A;7
100;6;1;3;0;8;53
100;6;2;4;1;V;36
100;6;3;1;1;7;3
100;7;0;2;0;H;41
100;7;1;3;0;A;40
100;7;2;4;3;8;45
100;7;3;1;1;B;53
100;8;0;4;2;9;5
100;8;1;3;3;H;65
100;8;2;2;1;T;53
100;8;3;1;1;H;68
100;=;3;111;41;10;0
101;1;0;2;2;A;7
101;1;1;3;2;7;34
101;1;2;4;2;B;36
101;1;3;1;2;8;3
101;2;0;4;3;B;57
101;2;1;3;3;H;40
101;2;2;2;3;7;36
101;2;3;1;3;A;38
101;3;0;4;1;A;7
101;3;1;3;2;9;53
101;3;2;2;1;V;4
101;3;3;1;1;9;3
101;4;0;2;1;T;8
101;4;1;3;1;8;40
101;4;2;4;1;7;36
101;4;3;1;1;B;3
101;5;0;4;3;T;57
101;5;1;3;0;8;53
101;5;2;2;0;H;68
101;5;3;1;0;B;53
101;6;0;4;3;9;55
101;6;1;3;2;V;53
101;6;2;2;0;7;53
101;6;3;1;1;H;53
101;7;0;4;3;V;55
101;7;1;3;2;H;53
101;7;2;2;0;9;53
101;7;3;1;2;T;53
101;8;0;2;0;V;47
101;8;1;3;0;A;40
101;8;2;4;3;8;28
101;8;3;1;0;T;38
101;=;3;0;152;0;10
102;1;0;3;3;T;9
102;1;1;4;1;7;53
102;1;2;1;3;V;4
102;1;3;2;3;7;3
102;2;0;1;3;A;8
102;2;1;4;1;9;53
102;2;2;3;3;8;36
102;2;3;2;3;H;38
102;3;0;1;1;8;41
102;3;1;4;1;T;40
102;3;2;3;2;7;45
102;3;3;2;1;B;3
102;4;0;1;2;A;7
102;4;1;4;2;T;40
102;4;2;3;2;9;6
102;4;3;2;2;V;3
102;5;0;1;2;B;58
102;5;1;4;0;8;53
102;5;2;3;2;8;36
102;5;3;2;2;H;38
102;6;0;3;3;B;9
102;6;1;4;3;9;40
102;6;2;1;0;T;68
102;6;3;2;0;B;53
102;7;0;3;1;V;13
102;7;1;4;0;A;53
102;7;2;1;0;9;53
102;7;3;2;1;A;38
102;8;0;4;0;7;13
102;8;1;3;1;H;53
102;8;2;2;0;V;36
102;8;3;1;0;H;38
102;=;2;127;25;10;0
103;1;0;4;0;H;7
103;1;1;3;0;V;40
103;1;2;2;0;T;67
103;1;3;1;2;7;53
103;2;0;4;0;9;55
103;2;1;3;3;7;53
103;2;2;2;0;B;66
103;2;3;1;2;9;53
103;3;0;2;1;V;10
103;3;1;3;1;9;34
103;3;2;4;1;T;6
103;3;3;1;1;A;38
103;4;0;1;2;A;8
103;4;1;4;2;8;40
103;4;2;3;3;8;53
103;4;3;2;2;V;38
103;5;0;1;2;B;5
103;5;1;4;0;7;65
103;5;2;3;3;B;53
103;5;3;2;3;T;68
103;6;0;4;0;8;55
103;6;1;3;1;7;53
103;6;2;2;0;A;36
103;6;3;1;2;H;53
103;7;0;4;1;8;13
103;7;1;3;1;H;40
103;7;2;2;3;9;53
103;7;3;1;2;T;53
103;8;0;1;3;A;7
103;8;1;4;1;B;53
103;8;2;3;3;V;36
103;8;3;2;3;H;38
103;=;0;72;80;30;20
104;1;0;1;0;A;7
104;1;1;4;0;H;40
104;1;2;3;0;9;36
104;1;3;2;0;8;3
104;2;0;1;1;A;7
104;2;1;4;1;9;40
104;2;2;3;1;B;36
104;2;3;2;1;7;3
104;3;0;1;3;A;7
104;3;1;4;3;7;34
104;3;2;3;3;8;22
104;3;3;2;3;B;38
104;4;0;3;2;A;57
104;4;1;4;0;B;53
104;4;2;1;2;9;66
104;4;3;2;2;H;38
104;5;0;3;2;B;57
104;5;1;4;1;V;53
104;5;2;1;2;7;4
104;5;3;2;0;V;53
104;6;0;1;2;T;56
104;6;1;4;3;H;53
104;6;2;3;2;8;36
104;6;3;2;1;H;53
104;7;0;3;3;9;13
104;7;1;4;3;T;40
104;7;2;1;1;8;53
104;7;3;2;0;T;68
104;8;0;2;1;T;8
104;8;1;3;3;V;53
104;8;2;4;2;V;35
104;8;3;1;0;7;53
104;=;2;116;36;0;10
105;1;0;2;3;V;7
105;1;1;3;2;8;53
105;1;2;4;3;B;6
105;1;3;1;3;7;3
105;2;0;2;0;A;8
105;2;1;3;2;9;53
105;2;2;4;1;H;69
105;2;3;1;0;7;3
105;3;0;4;2;H;2
105;3;1;3;2;T;40
105;3;2;2;2;A;6
105;3;3;1;2;7;38
105;4;0;4;3;9;57
105;4;1;3;1;8;53
105;4;2;2;3;A;36
105;4;3;1;3;8;3
105;5;0;2;2;B;54
105;5;1;3;2;V;40
105;5;2;4;3;H;12
105;5;3;1;3;T;29
105;6;0;3;1;T;7
105;6;1;4;1;7;34
105;6;2;1;1;B;4
105;6;3;2;1;9;38
105;7;0;3;0;T;7
105;7;1;4;0;H;40
105;7;2;1;0;8;36
105;7;3;2;0;B;3
105;8;0;3;0;V;9
105;8;1;4;1;V;53
105;8;2;1;1;A;53
105;8;3;2;0;9;38
105;=;3;64;88;30;0
106;1;0;3;3;8;7
106;1;1;4;2;7;53
106;1;2;1;3;9;6
106;1;3;2;3;T;38
106;2;0;3;2;A;9
106;2;1;4;2;B;40
106;2;2;1;2;H;36
106;2;3;2;1;9;53
106;3;0;1;1;A;7
106;3;1;4;1;V;40
106;3;2;3;0;B;69
106;3;3;2;1;B;3
106;4;0;3;3;A;57
106;4;1;4;0;9;53
106;4;2;1;3;B;66
106;4;3;2;0;8;53
106;5;0;1;3;H;56
106;5;1;4;0;V;53
106;5;2;3;3;7;36
106;5;3;2;1;H;53
106;6;0;3;2;8;13
106;6;1;4;2;T;40
106;6;2;1;1;7;53
106;6;3;2;0;T;68
106;7;0;4;0;H;13
106;7;1;3;2;9;53
106;7;2;2;0;A;36
106;7;3;1;0;7;38
106;8;0;2;1;T;8
106;8;1;3;2;V;53
106;8;2;4;3;V;35
106;8;3;1;1;8;38
106;=;3;101;51;20;10
107;1;0;2;0;B;58
107;1;1;3;0;A;40
107;1;2;4;0;T;22
107;1;3;1;3;7;53
107;2;0;4;0;V;7
107;2;1;3;2;B;53
107;2;2;2;0;9;67
107;2;3;1;2;9;53
107;3;0;2;2;8;47
107;3;1;3;2;H;40
107;3;2;4;0;7;28
107;3;3;1;2;V;3
107;4;0;2;0;H;56
107;4;1;3;3;8;53
107;4;2;4;1;T;69
107;4;3;1;1;8;53
107;5;0;2;0;8;56
107;5;1;3;3;B;53
107;5;2;4;3;H;53
107;5;3;1;3;V;53
107;6;0;4;3;9;13
107;6;1;3;3;T;40
107;6;2;2;1;7;53
107;6;3;1;3;A;38
107;7;0;3;1;A;7
107;7;1;4;1;H;40
107;7;2;1;2;T;53
107;7;3;2;1;B;3
107;8;0;1;2;A;8
107;8;1;4;2;7;40
107;8;2;3;1;9;53
107;8;3;2;1;V;53
107;=;0;62;90;10;20
108;1;0;1;1;T;7
108;1;1;4;1;8;40
108;1;2;3;1;9;6
108;1;3;2;3;8;53
108;2;0;1;2;A;8
108;2;1;4;3;7;53
108;2;2;3;0;H;69
108;2;3;2;2;V;3
108;3;0;3;1;A;55
108;3;1;4;0;8;53
108;3;2;1;1;V;4
108;3;3;2;0;9;53
108;4;0;3;3;A;7
108;4;1;4;3;B;34
108;4;2;1;0;B;68
108;4;3;2;3;H;3
108;5;0;1;0;7;47
108;5;1;4;0;T;40
108;5;2;3;1;B;28
108;5;3;2;0;V;34
108;6;0;3;1;7;55
108;6;1;4;2;9;53
108;6;2;1;1;H;36
108;6;3;2;3;T;53
108;7;0;3;3;9;13
108;7;1;4;3;V;40
108;7;2;1;2;8;53
108;7;3;2;2;T;68
108;8;0;4;2;H;9
108;8;1;3;2;7;40
108;8;2;2;0;A;53
108;8;3;1;2;B;38
108;=;1;122;30;20;10
109;1;0;4;0;H;7
109;1;1;3;0;7;34
109;1;2;2;0;B;6
109;1;3;1;0;A;38
109;2;0;4;0;T;57
109;2;1;3;0;V;40
109;2;2;2;0;9;36
109;2;3;1;2;8;53
109;3;0;2;3;A;8
109;3;1;3;1;7;53
109;3;2;4;3;B;36
109;3;3;1;3;T;38
109;4;0;2;3;H;8
109;4;1;3;1;B;53
109;4;2;4;2;9;53
109;4;3;1;1;H;53
109;5;0;2;3;V;8
109;5;1;3;2;V;53
109;5;2;4;1;9;53
109;5;3;1;2;T;53
109;6;0;4;0;8;55
109;6;1;3;3;7;53
109;6;2;2;3;8;68
109;6;3;1;1;T;53
109;7;0;4;3;9;9
109;7;1;3;2;H;53
109;7;2;2;1;V;68
109;7;3;1;2;A;53
109;8;0;4;2;7;13
109;8;1;3;2;B;40
109;8;2;2;1;8;53
109;8;3;1;1;A;53
109;=;0;13;139;10;0
110;1;0;3;3;T;7
110;1;1;4;3;V;40
110;1;2;1;3;B;6
110;1;3;2;3;7;39
110;2;0;3;2;A;9
110;2;1;4;1;7;53
110;2;2;1;2;B;4
110;2;3;2;2;9;38
110;3;0;1;0;T;8
110;3;1;4;0;H;40
110;3;2;3;1;B;69
110;3;3;2;0;A;46
110;4;0;4;2;V;5
110;4;1;3;3;9;65
110;4;2;2;0;7;53
110;4;3;1;2;H;38
110;5;0;1;3;A;58
110;5;1;4;0;B;53
110;5;2;3;1;8;53
110;5;3;2;3;H;38
110;6;0;1;1;A;7
110;6;1;4;1;T;34
110;6;2;3;1;9;36
110;6;3;2;1;V;38
110;7;0;3;2;T;9
110;7;1;4;2;8;40
110;7;2;1;0;8;68
110;7;3;2;0;9;53
110;8;0;3;2;7;9
110;8;1;4;1;H;53
110;8;2;1;3;8;35
110;8;3;2;0;V;53
110;=;3;125;27;30;0
111;1;0;2;3;9;10
111;1;1;3;2;9;53
111;1;2;4;3;T;6
111;1;3;1;3;V;3
111;2;0;4;3;8;5
111;2;1;3;0;H;65
111;2;2;2;3;H;36
111;2;3;1;3;B;38
111;3;0;3;1;A;7
111;3;1;4;1;V;40
111;3;2;1;1;8;36
111;3;3;2;1;B;3
111;4;0;1;0;B;7
111;4;1;4;0;8;34
111;4;2;3;1;T;69
111;4;3;2;0;V;3
111;5;0;3;2;B;2
111;5;1;4;2;T;40
111;5;2;1;2;A;6
111;5;3;2;2;H;38
111;6;0;3;1;7;5
111;6;1;4;0;T;65
111;6;2;1;2;7;53
111;6;3;2;1;H;38
111;7;0;2;0;A;58
111;7;1;3;2;8;53
111;7;2;4;3;7;53
111;7;3;1;0;7;38
111;8;0;4;3;A;9
111;8;1;3;1;9;53
111;8;2;2;0;9;35
111;8;3;1;2;V;53
111;=;0;86;66;0;10
112;1;0;3;1;H;7
112;1;1;4;1;V;40
112;1;2;1;1;B;6
112;1;3;2;1;7;38
112;2;0;3;1;9;57
112;2;1;4;1;A;40
112;2;2;1;1;T;36
112;2;3;2;3;7;53
112;3;0;1;3;T;7
112;3;1;4;2;8;53
112;3;2;3;3;9;36
112;3;3;2;3;H;3
112;4;0;3;2;A;7
112;4;1;4;2;T;40
112;4;2;1;2;H;4
112;4;3;2;2;V;38
112;5;0;3;2;B;9
112;5;1;4;0;9;53
112;5;2;1;2;7;36
112;5;3;2;0;8;53
112;6;0;3;2;9;9
112;6;1;4;3;8;53
112;6;2;1;0;T;68
112;6;3;2;3;B;53
112;7;0;1;3;A;8
112;7;1;4;0;A;53
112;7;2;3;0;7;53
112;7;3;2;0;B;53
112;8;0;1;0;H;8
112;8;1;4;3;V;53
112;8;2;3;1;8;35
112;8;3;2;0;V;38
112;=;1;152;0;70;0
113;1;0;4;2;A;7
113;1;1;3;2;H;40
113;1;2;2;2;V;4
113;1;3;1;0;8;29
113;2;0;3;3;9;5
113;2;1;4;0;T;65
113;2;2;1;3;H;36
113;2;3;2;3;T;48
113;3;0;4;0;B;57
113;3;1;3;0;A;40
113;3;2;2;0;9;36
113;3;3;1;0;V;3
113;4;0;4;3;7;13
113;4;1;3;3;B;40
113;4;2;2;3;A;49
113;4;3;1;0;H;29
113;5;0;3;2;7;13
113;5;1;4;2;B;16
113;5;2;1;1;7;53
113;5;3;2;2;T;46
113;6;0;4;2;9;13
113;6;1;3;1;B;53
113;6;2;2;2;8;36
113;6;3;1;1;8;53
113;7;0;4;1;9;13
113;7;1;3;1;A;40
113;7;2;2;1;T;36
113;7;3;1;1;V;3
113;8;0;3;3;V;5
113;8;1;4;0;7;65
113;8;2;1;1;H;53
113;8;3;2;3;8;38
113;=;0;59;93;20;10
114;1;0;3;1;A;7
114;1;1;4;1;8;40
114;1;2;1;1;7;36
114;1;3;2;1;V;3
114;2;0;1;0;T;7
114;2;1;4;0;V;40
114;2;2;3;0;9;22
114;2;3;2;0;7;3
114;3;0;1;3;A;58
114;3;1;4;3;7;40
114;3;2;3;0;8;53
114;3;3;2;3;V;38
114;4;0;1;3;B;2
114;4;1;4;3;T;40
114;4;2;3;2;9;53
114;4;3;2;1;9;53
114;5;0;1;0;A;8
114;5;1;4;2;7;53
114;5;2;3;2;V;53
114;5;3;2;0;B;3
114;6;0;1;3;H;56
114;6;1;4;1;H;53
114;6;2;3;1;B;53
114;6;3;2;2;B;53
114;7;0;1;3;9;56
114;7;1;4;2;A;53
114;7;2;3;2;H;53
114;7;3;2;0;H;53
114;8;0;3;1;T;9
114;8;1;4;2;8;53
114;8;2;1;3;8;35
114;8;3;2;2;T;53
114;=;3;152;0;10;0
115;1;0;2;0;H;7
115;1;1;3;0;7;40
115;1;2;4;0;T;6
115;1;3;1;0;8;38
115;2;0;4;1;A;7
115;2;1;3;1;7;34
115;2;2;2;1;T;4
115;2;3;1;1;9;38
115;3;0;2;1;H;8
115;3;1;3;1;B;34
115;3;2;4;2;9;69
115;3;3;1;2;7;53
115;4;0;4;3;A;9
115;4;1;3;3;8;40
115;4;2;2;3;B;36
115;4;3;1;3;H;3
115;5;0;4;0;B;57
115;5;1;3;0;V;40
115;5;2;2;0;9;4
115;5;3;1;2;B;53
115;6;0;2;0;A;56
115;6;1;3;1;V;53
115;6;2;4;3;7;53
115;6;3;1;2;V;53
115;7;0;4;1;8;9
115;7;1;3;3;9;53
115;7;2;2;2;T;68
115;7;3;1;2;H;53
115;8;0;4;3;V;13
115;8;1;3;2;A;53
115;8;2;2;2;8;53
115;8;3;1;3;T;38
115;=;0;24;128;10;0
116;1;0;1;3;A;8
116;1;1;4;2;7;53
116;1;2;3;2;H;69
116;1;3;2;3;7;3
116;2;0;3;1;H;2
116;2;1;4;1;9;40
116;2;2;1;1;B;6
116;2;3;2;0;8;53
116;3;0;3;3;T;9
116;3;1;4;0;7;53
116;3;2;1;0;T;51
116;3;3;2;3;B;3
116;4;0;1;1;A;56
116;4;1;4;3;V;53
116;4;2;3;2;9;53
116;4;3;2;2;V;53
116;5;0;1;2;8;47
116;5;1;4;2;T;40
116;5;2;3;1;8;28
116;5;3;2;2;A;38
116;6;0;1;1;V;58
116;6;1;4;1;7;40
116;6;2;3;0;9;53
116;6;3;2;3;H;53
116;7;0;1;2;B;8
116;7;1;4;0;V;53
116;7;2;3;0;B;53
116;7;3;2;0;H;53
116;8;0;1;1;T;56
116;8;1;4;3;9;53
116;8;2;3;3;8;53
116;8;3;2;0;A;53
116;=;1;152;0;30;0
117;1;0;2;3;V;7
117;1;1;3;2;8;53
117;1;2;4;3;B;6
117;1;3;1;3;7;3
117;2;0;2;2;T;63
117;2;1;3;1;8;53
117;2;2;4;2;B;36
117;2;3;1;2;A;46
117;3;0;3;1;A;7
117;3;1;4;0;B;53
117;3;2;1;1;V;4
117;3;3;2;1;7;3
117;4;0;1;1;T;8
117;4;1;4;2;H;53
117;4;2;3;1;9;36
117;4;3;2;1;H;38
117;5;0;3;0;8;13
117;5;1;4;0;H;16
117;5;2;1;0;V;23
117;5;3;2;0;9;38
117;6;0;4;1;B;5
117;6;1;3;3;8;65
117;6;2;2;3;H;29
117;6;3;1;3;T;29
117;7;0;3;0;A;13
117;7;1;4;0;T;40
117;7;2;1;0;7;36
117;7;3;2;3;A;29
117;8;0;4;2;V;5
117;8;1;3;3;9;65
117;8;2;2;2;7;36
117;8;3;1;2;9;38
117;=;3;90;62;10;0
118;1;0;1;0;T;62
118;1;1;4;0;B;40
118;1;2;3;3;B;69
118;1;3;2;0;7;3
118;2;0;3;1;B;57
118;2;1;4;2;7;53
118;2;2;1;1;T;4
118;2;3;2;1;7;38
118;3;0;3;0;A;9
118;3;1;4;2;8;53
118;3;2;1;0;H;36
118;3;3;2;0;9;38
118;4;0;3;1;9;57
118;4;1;4;3;V;53
118;4;2;1;1;V;4
118;4;3;2;2;V;53
118;5;0;1;1;A;56
118;5;1;4;0;V;53
118;5;2;3;3;8;53
118;5;3;2;3;H;53
118;6;0;3;0;8;9
118;6;1;4;3;T;53
118;6;2;1;2;9;68
118;6;3;2;2;H;53
118;7;0;1;1;H;56
118;7;1;4;2;T;53
118;7;2;3;3;9;53
118;7;3;2;3;A;53
118;8;0;3;2;B;5
118;8;1;4;1;8;65
118;8;2;1;3;7;53
118;8;3;2;2;A;38
118;=;1;139;13;0;10
119;1;0;4;1;8;7
119;1;1;3;2;7;53
119;1;2;2;1;9;6
119;1;3;1;1;H;3
119;2;0;4;0;A;7
119;2;1;3;0;9;40
119;2;2;2;0;H;4
119;2;3;1;0;8;3
119;3;0;2;1;A;2
119;3;1;3;1;T;40
119;3;2;4;2;9;53
119;3;3;1;1;7;38
119;4;0;4;1;V;55
119;4;1;3;3;V;53
119;4;2;2;1;B;36
119;4;3;1;3;9;53
119;5;0;4;3;B;13
119;5;1;3;3;A;16
119;5;2;2;3;7;23
119;5;3;1;2;T;68
119;6;0;3;2;A;7
119;6;1;4;2;B;40
119;6;2;1;2;H;4
119;6;3;2;2;V;38
119;7;0;3;3;T;9
119;7;1;4;3;8;40
119;7;2;1;2;8;53
119;7;3;2;3;H;38
119;8;0;3;0;T;7
119;8;1;4;0;7;40
119;8;2;1;0;V;36
119;8;3;2;0;B;38
119;=;1;72;80;80;0
120;1;0;3;0;8;7
120;1;1;4;0;7;40
120;1;2;1;0;9;6
120;1;3;2;3;8;53
120;2;0;1;0;B;58
120;2;1;4;0;A;40
120;2;2;3;3;H;69
120;2;3;2;1;8;53
120;3;0;1;1;A;8
120;3;1;4;2;7;53
120;3;2;3;3;B;69
120;3;3;2;1;9;3
120;4;0;1;0;H;56
120;4;1;4;2;9;53
120;4;2;3;3;T;52
120;4;3;2;2;B;53
120;5;0;1;0;T;56
120;5;1;4;3;7;53
120;5;2;3;2;8;53
120;5;3;2;1;B;53
120;6;0;3;0;V;55
120;6;1;4;3;V;53
120;6;2;1;1;V;68
120;6;3;2;2;V;53
120;7;0;3;2;H;13
120;7;1;4;3;A;53
120;7;2;1;3;9;53
120;7;3;2;2;A;38
120;8;0;2;1;T;8
120;8;1;3;2;T;53
120;8;2;4;1;H;36
120;8;3;1;1;7;38
120;=;0;102;50;120;10
121;1;0;2;0;B;58
121;1;1;3;0;A;40
121;1;2;4;3;T;69
121;1;3;1;0;T;38
121;2;0;2;0;H;58
121;2;1;3;0;8;40
121;2;2;4;1;H;69
121;2;3;1;2;7;53
121;3;0;2;0;9;56
121;3;1;3;2;8;53
121;3;2;4;1;B;69
121;3;3;1;2;9;53
121;4;0;4;3;7;13
121;4;1;3;1;9;53
121;4;2;2;3;8;4
121;4;3;1;3;H;46
121;5;0;3;1;T;9
121;5;1;4;3;B;53
121;5;2;1;1;8;4
121;5;3;2;1;7;3
121;6;0;3;2;T;13
121;6;1;4;2;V;40
121;6;2;1;2;B;36
121;6;3;2;2;H;38
121;7;0;3;2;A;9
121;7;1;4;3;V;53
121;7;2;1;3;A;53
121;7;3;2;3;9;53
121;8;0;3;0;V;57
121;8;1;4;0;7;40
121;8;2;1;1;A;53
121;8;3;2;1;V;53
121;=;0;77;75;60;0
122;1;0;1;1;A;8
122;1;1;4;1;7;40
122;1;2;3;3;T;52
122;1;3;2;1;8;3
122;2;0;1;0;B;58
122;2;1;4;0;V;40
122;2;2;3;0;7;36
122;2;3;2;0;9;38
122;3;0;3;3;9;13
122;3;1;4;3;A;16
122;3;2;1;3;8;36
122;3;3;2;3;V;38
122;4;0;4;2;A;7
122;4;1;3;2;7;40
122;4;2;2;2;V;4
122;4;3;1;2;9;3
122;5;0;4;2;8;5
122;5;1;3;0;T;65
122;5;2;2;2;B;36
122;5;3;1;2;H;38
122;6;0;3;3;H;9
122;6;1;4;3;7;40
122;6;2;1;1;B;68
122;6;3;2;1;9;53
122;7;0;3;3;B;9
122;7;1;4;1;V;53
122;7;2;1;0;8;35
122;7;3;2;1;H;53
122;8;0;3;0;A;55
122;8;1;4;2;T;53
122;8;2;1;0;H;36
122;8;3;2;1;T;53
122;=;0;124;28;10;0
123;1;0;4;1;T;7
123;1;1;3;1;B;40
123;1;2;2;1;8;4
123;1;3;1;1;H;3
123;2;0;4;2;A;9
123;2;1;3;2;7;34
123;2;2;2;3;8;68
123;2;3;1;2;8;3
123;3;0;2;0;8;7
123;3;1;3;0;T;40
123;3;2;4;0;9;6
123;3;3;1;0;H;38
123;4;0;2;1;A;8
123;4;1;3;1;7;40
123;4;2;4;3;9;53
123;4;3;1;1;9;38
123;5;0;2;3;A;8
123;5;1;3;2;9;53
123;5;2;4;2;V;53
123;5;3;1;3;7;3
123;6;0;4;0;A;55
123;6;1;3;3;V;53
123;6;2;2;0;B;66
123;6;3;1;3;B;53
123;7;0;4;0;7;55
123;7;1;3;2;H;53
123;7;2;2;0;V;36
123;7;3;1;3;T;53
123;8;0;4;1;V;9
123;8;1;3;2;B;53
123;8;2;2;3;H;53
123;8;3;1;2;T;53
123;=;0;0;152;0;30
124;1;0;1;3;8;7
124;1;1;4;3;7;40
124;1;2;3;3;9;6
124;1;3;2;3;V;39
124;2;0;1;1;T;7
124;2;1;4;2;8;53
124;2;2;3;1;V;36
124;2;3;2;1;8;3
124;3;0;1;2;7;41
124;3;1;4;2;A;40
124;3;2;3;3;T;45
124;3;3;2;2;H;34
124;4;0;1;3;B;58
124;4;1;4;0;B;53
124;4;2;3;1;7;53
124;4;3;2;3;H;3
124;5;0;3;0;8;13
124;5;1;4;0;A;16
124;5;2;1;0;7;23
124;5;3;2;0;9;38
124;6;0;2;2;T;7
124;6;1;3;2;B;40
124;6;2;4;1;9;53
124;6;3;1;2;9;3
124;7;0;2;3;A;56
124;7;1;3;0;H;53
124;7;2;4;0;V;53
124;7;3;1;2;V;53
124;8;0;4;1;H;13
124;8;1;3;1;A;40
124;8;2;2;1;B;36
124;8;3;1;0;T;68
124;=;3;108;44;30;40
125;1;0;4;2;T;7
125;1;1;3;2;9;34
125;1;2;2;2;7;4
125;1;3;1;2;V;38
125;2;0;2;0;T;7
125;2;1;3;0;7;40
125;2;2;4;0;B;6
125;2;3;1;0;8;3
125;3;0;4;1;H;7
125;3;1;3;1;B;40
125;3;2;2;1;T;4
125;3;3;1;1;7;3
125;4;0;4;3;A;7
125;4;1;3;3;8;40
125;4;2;2;3;V;36
125;4;3;1;3;7;3
125;5;0;4;3;9;5
125;5;1;3;0;H;65
125;5;2;2;1;8;53
125;5;3;1;3;H;38
125;6;0;3;0;A;55
125;6;1;4;3;B;53
125;6;2;1;0;9;66
125;6;3;2;2;H;53
125;7;0;1;0;V;56
125;7;1;4;3;T;53
125;7;2;3;2;B;53
125;7;3;2;2;A;53
125;8;0;3;1;V;13
125;8;1;4;2;8;53
125;8;2;1;1;9;36
125;8;3;2;1;A;38
125;=;0;65;87;0;10
126;1;0;3;2;A;57
126;1;1;4;2;7;34
126;1;2;1;2;9;67
126;1;3;2;3;7;53
126;2;0;1;2;V;7
126;2;1;4;2;8;40
126;2;2;3;2;H;6
126;2;3;2;1;7;53
126;3;0;1;2;B;56
126;3;1;4;1;8;53
126;3;2;3;1;9;53
126;3;3;2;0;9;53
126;4;0;1;2;T;56
126;4;1;4;0;7;53
126;4;2;3;3;B;53
126;4;3;2;1;B;53
126;5;0;3;3;8;13
126;5;1;4;3;T;40
126;5;2;1;3;V;23
126;5;3;2;3;H;38
126;6;0;4;0;A;7
126;6;1;3;0;B;34
126;6;2;2;0;H;36
126;6;3;1;0;8;3
126;7;0;4;1;A;9
126;7;1;3;0;V;53
126;7;2;2;1;V;4
126;7;3;1;3;9;53
126;8;0;4;1;T;9
126;8;1;3;3;A;53
126;8;2;2;1;H;36
126;8;3;1;0;T;53
126;=;2;66;86;20;10
127;1;0;2;2;B;41
127;1;1;3;2;A;40
127;1;2;4;3;9;45
127;1;3;1;2;V;34
127;2;0;2;2;T;8
127;2;1;3;1;9;53
127;2;2;4;1;T;52
127;2;3;1;2;H;38
127;3;0;4;3;B;57
127;3;1;3;0;B;53
127;3;2;2;3;7;4
127;3;3;1;1;8;53
127;4;0;2;3;A;58
127;4;1;3;3;8;40
127;4;2;4;3;H;36
127;4;3;1;0;7;53
127;5;0;4;2;8;13
127;5;1;3;0;V;53
127;5;2;2;0;9;53
127;5;3;1;0;8;53
127;6;0;2;3;V;5
127;6;1;3;3;T;40
127;6;2;4;1;7;53
127;6;3;1;0;H;68
127;7;0;3;1;A;7
127;7;1;4;1;V;40
127;7;2;1;1;B;36
127;7;3;2;1;H;38
127;8;0;3;2;9;9
127;8;1;4;2;7;40
127;8;2;1;0;A;53
127;8;3;2;0;T;53
127;=;3;58;94;60;0
128;1;0;1;1;T;7
128;1;1;4;1;9;40
128;1;2;3;1;B;6
128;1;3;2;1;7;39
128;2;0;3;0;A;9
128;2;1;4;3;9;53
128;2;2;1;0;7;4
128;2;3;2;0;8;3
128;3;0;3;1;A;57
128;3;1;4;0;V;53
128;3;2;1;1;V;36
128;3;3;2;1;8;38
128;4;0;3;1;H;55
128;4;1;4;3;H;53
128;4;2;1;2;V;68
128;4;3;2;3;7;53
128;5;0;3;3;B;13
128;5;1;4;3;T;40
128;5;2;1;2;7;53
128;5;3;2;3;A;46
128;6;0;4;2;A;1
128;6;1;3;2;T;40
128;6;2;2;3;8;68
128;6;3;1;2;8;3
128;7;0;4;2;H;9
128;7;1;3;3;V;53
128;7;2;2;0;B;68
128;7;3;1;2;B;38
128;8;0;4;2;9;9
128;8;1;3;0;H;53
128;8;2;2;0;T;53
128;8;3;1;0;9;53
128;=;1;83;69;20;10
129;1;0;4;1;T;7
129;1;1;3;1;8;40
129;1;2;2;1;9;67
129;1;3;1;1;H;38
129;2;0;4;1;B;57
129;2;1;3;0;7;53
129;2;2;2;1;A;36
129;2;3;1;3;7;53
129;3;0;2;0;B;54
129;3;1;3;0;8;34
129;3;2;4;1;7;12
129;3;3;1;0;V;3
129;4;0;4;3;8;13
129;4;1;3;3;A;40
129;4;2;2;3;T;36
129;4;3;1;3;9;38
129;5;0;3;0;H;9
129;5;1;4;0;9;40
129;5;2;1;0;A;36
129;5;3;2;2;7;53
129;6;0;3;0;T;9
129;6;1;4;3;B;53
129;6;2;1;2;9;68
129;6;3;2;2;V;53
129;7;0;1;2;A;8
129;7;1;4;3;V;53
129;7;2;3;2;B;36
129;7;3;2;2;H;3
129;8;0;3;1;V;55
129;8;1;4;3;H;53
129;8;2;1;2;8;68
129;8;3;2;2;T;53
129;=;1;88;64;30;20
130;1;0;3;3;9;5
130;1;1;4;1;7;65
130;1;2;1;1;H;29
130;1;3;2;3;7;34
130;2;0;3;3;A;9
130;2;1;4;3;B;40
130;2;2;1;2;T;68
130;2;3;2;3;8;3
130;3;0;3;3;V;5
130;3;1;4;1;V;65
130;3;2;1;1;T;29
130;3;3;2;3;H;38
130;4;0;1;0;V;10
130;4;1;4;0;7;34
130;4;2;3;0;T;6
130;4;3;2;0;8;3
130;5;0;3;2;7;5
130;5;1;4;1;8;65
130;5;2;1;2;8;23
130;5;3;2;2;9;24
130;6;0;4;0;9;5
130;6;1;3;1;A;65
130;6;2;2;0;B;23
130;6;3;1;2;V;53
130;7;0;3;2;B;13
130;7;1;4;1;B;65
130;7;2;1;2;A;36
130;7;3;2;2;H;38
130;8;0;4;3;T;13
130;8;1;3;0;A;53
130;8;2;2;0;H;53
130;8;3;1;1;9;29
130;=;1;115;37;10;20
131;1;0;2;1;A;7
131;1;1;3;1;7;34
131;1;2;4;3;H;53
131;1;3;1;1;8;3
131;2;0;4;2;T;10
131;2;1;3;2;8;34
131;2;2;2;1;T;68
131;2;3;1;2;B;3
131;3;0;2;3;A;8
131;3;1;3;3;7;40
131;3;2;4;3;8;36
131;3;3;1;3;V;3
131;4;0;4;0;H;57
131;4;1;3;1;B;53
131;4;2;2;0;9;67
131;4;3;1;0;8;38
131;5;0;4;2;A;7
131;5;1;3;2;V;40
131;5;2;2;3;9;53
131;5;3;1;2;9;3
131;6;0;4;0;V;57
131;6;1;3;3;B;53
131;6;2;2;0;T;67
131;6;3;1;2;H;53
131;7;0;4;0;7;55
131;7;1;3;1;V;53
131;7;2;2;0;B;67
131;7;3;1;1;H;53
131;8;0;4;1;9;9
131;8;1;3;2;7;53
131;8;2;2;0;A;35
131;8;3;1;3;T;53
131;=;0;0;152;0;10
132;1;0;1;2;V;7
132;1;1;4;2;8;40
132;1;2;3;2;B;6
132;1;3;2;2;H;38
132;2;0;3;0;A;7
132;2;1;4;0;9;34
132;2;2;1;0;V;36
132;2;3;2;0;7;3
132;3;0;1;3;T;63
132;3;1;4;1;7;53
132;3;2;3;3;7;36
132;3;3;2;3;A;46
132;4;0;4;0;H;5
132;4;1;3;2;9;65
132;4;2;2;0;8;34
132;4;3;1;3;B;68
132;5;0;1;2;A;56
132;5;1;4;1;H;53
132;5;2;3;1;9;53
132;5;3;2;1;8;53
132;6;0;1;2;T;56
132;6;1;4;3;9;53
132;6;2;3;3;V;53
132;6;3;2;1;B;53
132;7;0;1;2;7;56
132;7;1;4;1;T;53
132;7;2;3;1;V;53
132;7;3;2;0;B;53
132;8;0;3;1;A;9
132;8;1;4;0;T;53
132;8;2;1;3;8;68
132;8;3;2;3;H;53
132;=;2;131;21;50;0
133;1;0;2;0;H;7
133;1;1;3;0;7;34
133;1;2;4;2;T;52
133;1;3;1;2;9;53
133;2;0;2;1;A;7
133;2;1;3;1;H;40
133;2;2;4;1;9;36
133;2;3;1;1;B;3
133;3;0;2;0;A;58
133;3;1;3;0;V;40
133;3;2;4;3;H;69
133;3;3;1;1;V;53
133;4;0;2;0;B;56
133;4;1;3;3;7;53
133;4;2;4;3;V;69
133;4;3;1;2;H;53
133;5;0;2;0;T;58
133;5;1;3;0;8;40
133;5;2;4;3;9;53
133;5;3;1;3;T;53
133;6;0;2;0;9;56
133;6;1;3;2;7;53
133;6;2;4;3;B;53
133;6;3;1;1;T;53
133;7;0;4;2;B;13
133;7;1;3;1;7;53
133;7;2;2;2;8;36
133;7;3;1;2;A;38
133;8;0;3;1;8;9
133;8;1;4;2;V;53
133;8;2;1;3;A;53
133;8;3;2;3;8;53
133;=;0;27;125;10;0
134;1;0;1;3;B;7
134;1;1;4;3;7;34
134;1;2;3;1;9;69
134;1;3;2;3;8;3
134;2;0;3;2;T;9
134;2;1;4;2;H;40
134;2;2;1;2;8;4
134;2;3;2;2;7;3
134;3;0;3;0;H;11
134;3;1;4;0;8;40
134;3;2;1;0;T;4
134;3;3;2;0;7;3
134;4;0;3;2;9;13
134;4;1;4;2;V;40
134;4;2;1;2;A;36
134;4;3;2;2;B;38
134;5;0;1;3;A;7
134;5;1;4;3;H;40
134;5;2;3;3;9;6
134;5;3;2;3;V;38
134;6;0;1;3;T;56
134;6;1;4;0;B;53
134;6;2;3;1;8;53
134;6;3;2;1;7;53
134;7;0;3;0;A;9
134;7;1;4;1;V;53
134;7;2;1;0;V;36
134;7;3;2;0;9;38
134;8;0;3;1;B;13
134;8;1;4;1;T;40
134;8;2;1;1;H;36
134;8;3;2;1;A;38
134;=;3;125;27;40;10
135;1;0;2;0;A;7
135;1;1;3;0;V;40
135;1;2;4;0;B;6
135;1;3;1;0;T;39
135;2;0;2;1;A;8
135;2;1;3;1;V;40
135;2;2;4;1;8;36
135;2;3;1;1;9;3
135;3;0;2;3;B;54
135;3;1;3;3;V;34
135;3;2;4;0;7;12
135;3;3;1;3;8;3
135;4;0;4;2;B;13
135;4;1;3;2;9;40
135;4;2;2;2;T;4
135;4;3;1;2;A;38
135;5;0;1;1;T;8
135;5;1;4;2;8;53
135;5;2;3;3;T;52
135;5;3;2;1;7;38
135;6;0;3;3;H;13
135;6;1;4;2;V;53
135;6;2;1;3;9;36
135;6;3;2;3;7;38
135;7;0;3;1;H;13
135;7;1;4;2;H;53
135;7;2;1;1;B;36
135;7;3;2;0;8;65
135;8;0;4;0;9;57
135;8;1;3;3;A;53
135;8;2;2;2;7;68
135;8;3;1;0;H;38
135;=;0;50;102;20;30
136;1;0;3;3;A;7
136;1;1;4;3;H;40
136;1;2;1;3;V;4
136;1;3;2;3;7;3
136;2;0;1;0;V;7
136;2;1;4;2;7;53
136;2;2;3;0;A;6
136;2;3;2;0;8;3
136;3;0;3;1;A;7
136;3;1;4;1;9;40
136;3;2;1;1;8;36
136;3;3;2;1;7;3
136;4;0;1;2;A;8
136;4;1;4;2;V;34
136;4;2;3;2;8;36
136;4;3;2;2;T;38
136;5;0;1;0;B;58
136;5;1;4;3;8;53
136;5;2;3;1;H;69
136;5;3;2;0;H;38
136;6;0;1;0;9;58
136;6;1;4;2;B;53
136;6;2;3;2;9;53
136;6;3;2;3;B;53
136;7;0;3;1;B;13
136;7;1;4;2;H;53
136;7;2;1;3;9;53
136;7;3;2;1;T;38
136;8;0;2;3;T;8
136;8;1;3;1;V;53
136;8;2;4;0;T;35
136;8;3;1;0;7;35
136;=;0;113;39;40;10
137;1;0;2;2;B;58
137;1;1;3;0;7;53
137;1;2;4;2;T;36
137;1;3;1;2;7;38
137;2;0;4;2;A;57
137;2;1;3;1;9;53
137;2;2;2;2;9;66
137;2;3;1;3;8;53
137;3;0;2;2;H;56
137;3;1;3;1;B;53
137;3;2;4;1;7;53
137;3;3;1;0;9;53
137;4;0;2;1;8;47
137;4;1;3;1;A;40
137;4;2;4;2;8;28
137;4;3;1;1;H;3
137;5;0;2;2;V;56
137;5;1;3;1;V;53
137;5;2;4;3;B;53
137;5;3;1;0;V;53
137;6;0;4;3;7;13
137;6;1;3;3;A;40
137;6;2;2;3;V;36
137;6;3;1;3;H;24
137;7;0;3;3;9;9
137;7;1;4;0;H;53
137;7;2;1;3;T;36
137;7;3;2;0;8;53
137;8;0;1;1;T;8
137;8;1;4;0;A;53
137;8;2;3;0;T;69
137;8;3;2;0;B;53
137;=;2;65;87;30;0
138;1;0;3;1;A;7
138;1;1;4;1;V;40
138;1;2;1;1;H;4
138;1;3;2;1;9;3
138;2;0;1;3;A;8
138;2;1;4;3;V;34
138;2;2;3;3;7;36
138;2;3;2;3;8;3
138;3;0;3;2;A;7
138;3;1;4;2;T;40
138;3;2;1;2;8;36
138;3;3;2;2;7;3
138;4;0;1;0;9;7
138;4;1;4;0;V;34
138;4;2;3;1;T;52
138;4;3;2;0;7;38
138;5;0;1;0;A;58
138;5;1;4;0;8;40
138;5;2;3;2;V;53
138;5;3;2;3;9;53
138;6;0;3;2;H;9
138;6;1;4;2;B;40
138;6;2;1;1;8;53
138;6;3;2;2;9;38
138;7;0;3;0;T;55
138;7;1;4;3;H;53
138;7;2;1;0;B;66
138;7;3;2;3;B;53
138;8;0;1;0;H;56
138;8;1;4;3;T;53
138;8;2;3;1;7;53
138;8;3;2;1;B;53
138;=;0;152;0;30;0
139;1;0;4;0;B;57
139;1;1;3;0;7;34
139;1;2;2;0;A;36
139;1;3;1;0;8;38
139;2;0;2;2;T;63
139;2;1;3;2;H;40
139;2;2;4;2;V;36
139;2;3;1;2;A;46
139;3;0;1;3;A;8
139;3;1;4;3;V;40
139;3;2;3;3;B;36
139;3;3;2;3;7;3
139;4;0;3;0;T;57
139;4;1;4;0;H;40
139;4;2;1;1;V;68
139;4;3;2;3;9;53
139;5;0;1;2;B;8
139;5;1;4;1;9;53
139;5;2;3;2;7;36
139;5;3;2;2;9;38
139;6;0;1;2;8;8
139;6;1;4;1;B;53
139;6;2;3;0;V;35
139;6;3;2;1;8;53
139;7;0;1;3;8;47
139;7;1;4;3;T;40
139;7;2;3;0;9;28
139;7;3;2;1;H;53
139;8;0;3;3;H;9
139;8;1;4;1;T;53
139;8;2;1;1;7;68
139;8;3;2;1;A;53
139;=;0;121;31;30;0
140;1;0;1;2;A;7
140;1;1;4;2;7;40
140;1;2;3;2;8;22
140;1;3;2;2;V;3
140;2;0;1;3;B;58
140;2;1;4;3;A;40
140;2;2;3;3;H;36
140;2;3;2;3;8;38
140;3;0;1;3;9;58
140;3;1;4;0;7;53
140;3;2;3;3;7;36
140;3;3;2;2;9;53
140;4;0;3;1;8;13
140;4;1;4;1;V;16
140;4;2;1;1;H;49
140;4;3;2;1;A;46
140;5;0;4;0;A;7
140;5;1;3;0;H;40
140;5;2;2;0;V;4
140;5;3;1;0;9;3
140;6;0;4;0;8;13
140;6;1;3;2;B;53
140;6;2;2;0;B;36
140;6;3;1;0;T;38
140;7;0;1;1;T;7
140;7;1;4;1;B;40
140;7;2;3;2;H;53
140;7;3;2;1;7;3
140;8;0;1;3;V;5
140;8;1;4;3;T;40
140;8;2;3;2;T;53
140;8;3;2;1;9;68
140;=;3;93;59;0;50
141;1;0;2;1;8;7
141;1;1;3;3;7;53
141;1;2;4;1;9;6
141;1;3;1;1;7;38
141;2;0;2;1;T;7
141;2;1;3;1;V;40
141;2;2;4;1;B;6
141;2;3;1;0;7;53
141;3;0;2;2;A;8
141;3;1;3;0;8;53
141;3;2;4;2;7;22
141;3;3;1;2;V;38
141;4;0;4;1;A;55
141;4;1;3;0;9;53
141;4;2;2;2;H;68
141;4;3;1;3;B;53
141;5;0;4;1;H;55
141;5;1;3;2;B;53
141;5;2;2;3;H;68
141;5;3;1;3;V;53
141;6;0;4;3;8;13
141;6;1;3;3;T;40
141;6;2;2;3;9;36
141;6;3;1;3;A;38
141;7;0;3;0;B;13
141;7;1;4;2;8;53
141;7;2;1;0;T;4
141;7;3;2;0;V;38
141;8;0;3;0;A;9
141;8;1;4;2;T;53
141;8;2;1;0;H;36
141;8;3;2;2;9;53
141;=;1;61;91;50;40
142;1;0;1;2;7;7
142;1;1;4;3;9;53
142;1;2;3;2;9;6
142;1;3;2;2;T;3
142;2;0;3;2;A;57
142;2;1;4;2;H;40
142;2;2;1;2;B;36
142;2;3;2;2;8;38
142;3;0;3;1;A;9
142;3;1;4;0;9;53
142;3;2;1;1;T;4
142;3;3;2;1;7;3
142;4;0;3;3;A;9
142;4;1;4;1;H;53
142;4;2;1;3;7;4
142;4;3;2;3;8;3
142;5;0;3;1;V;9
142;5;1;4;0;H;53
142;5;2;1;1;B;36
142;5;3;2;1;9;38
142;6;0;1;3;T;8
142;6;1;4;0;8;53
142;6;2;3;0;B;53
142;6;3;2;3;B;3
142;7;0;3;3;H;9
142;7;1;4;0;A;53
142;7;2;1;0;T;68
142;7;3;2;3;V;38
142;8;0;3;2;V;55
142;8;1;4;1;8;53
142;8;2;1;0;7;68
142;8;3;2;0;V;53
142;=;2;152;0;10;0
143;1;0;2;2;9;41
143;1;1;3;2;A;40
143;1;2;4;0;A;45
143;1;3;1;2;7;34
143;2;0;4;1;T;7
143;2;1;3;1;V;40
143;2;2;2;1;8;4
143;2;3;1;1;H;3
143;3;0;2;1;A;8
143;3;1;3;3;B;53
143;3;2;4;1;7;36
143;3;3;1;1;B;38
143;4;0;2;0;V;7
143;4;1;3;0;T;40
143;4;2;4;0;B;6
143;4;3;1;0;7;39
143;5;0;4;3;7;13
143;5;1;3;3;V;16
143;5;2;2;3;8;23
143;5;3;1;2;8;53
143;6;0;1;2;T;7
143;6;1;4;2;B;40
143;6;2;3;3;T;69
143;6;3;2;2;V;38
143;7;0;1;0;9;58
143;7;1;4;0;H;40
143;7;2;3;1;9;53
143;7;3;2;3;9;53
143;8;0;3;2;H;9
143;8;1;4;3;H;53
143;8;2;1;0;8;35
143;8;3;2;3;A;53
143;=;0;65;87;30;20
144;1;0;3;0;9;13
144;1;1;4;0;T;16
144;1;2;1;0;H;36
144;1;3;2;0;8;24
144;2;0;4;1;A;7
144;2;1;3;1;V;40
144;2;2;2;1;H;4
144;2;3;1;1;9;38
144;3;0;4;2;T;7
144;3;1;3;2;B;34
144;3;2;2;2;A;36
144;3;3;1;2;8;3
144;4;0;4;1;B;5
144;4;1;3;3;V;65
144;4;2;2;1;7;34
144;4;3;1;3;H;27
144;5;0;1;3;A;63
144;5;1;4;3;8;40
144;5;2;3;2;7;53
144;5;3;2;3;7;38
144;6;0;3;2;H;13
144;6;1;4;0;7;53
144;6;2;1;2;9;23
144;6;3;2;1;8;53
144;7;0;3;0;A;13
144;7;1;4;0;B;40
144;7;2;1;2;V;53
144;7;3;2;0;V;38
144;8;0;1;3;9;15
144;8;1;4;3;B;40
144;8;2;3;3;T;36
144;8;3;2;1;T;68
144;=;3;43;109;20;70
145;1;0;4;0;A;7
145;1;1;3;0;8;34
145;1;2;2;0;B;36
145;1;3;1;0;7;3
145;2;0;4;1;B;57
145;2;1;3;3;9;53
145;2;2;2;1;7;4
145;2;3;1;3;8;53
145;3;0;2;3;V;47
145;3;1;3;3;A;40
145;3;2;4;1;T;28
145;3;3;1;3;B;3
145;4;0;2;1;A;56
145;4;1;3;0;V;53
145;4;2;4;2;T;69
145;4;3;1;0;9;53
145;5;0;2;1;9;58
145;5;1;3;1;8;40
145;5;2;4;3;7;53
145;5;3;1;2;V;53
145;6;0;4;2;9;13
145;6;1;3;2;A;40
145;6;2;2;2;7;23
145;6;3;1;3;T;68
145;7;0;3;0;T;9
145;7;1;4;2;B;53
145;7;2;1;0;H;36
145;7;3;2;1;V;29
145;8;0;4;2;H;5
145;8;1;3;1;H;65
145;8;2;2;2;8;36
145;8;3;1;3;H;68
145;=;1;33;119;10;0
146;1;0;3;0;V;7
146;1;1;4;0;8;40
146;1;2;1;0;B;6
146;1;3;2;0;9;3
146;2;0;1;0;A;58
146;2;1;4;3;8;53
146;2;2;3;3;H;69
146;2;3;2;0;T;38
146;3;0;3;3;A;9
146;3;1;4;1;7;53
146;3;2;1;3;7;4
146;3;3;2;3;B;38
146;4;0;1;0;H;56
146;4;1;4;1;9;53
146;4;2;3;3;9;53
146;4;3;2;2;8;53
146;5;0;1;0;7;56
146;5;1;4;2;B;53
146;5;2;3;2;7;53
146;5;3;2;2;9;53
146;6;0;3;3;T;9
146;6;1;4;1;B;53
146;6;2;1;3;V;36
146;6;3;2;1;8;53
146;7;0;3;2;H;13
146;7;1;4;2;A;16
146;7;2;1;1;V;53
146;7;3;2;2;T;38
146;8;0;4;2;V;9
146;8;1;3;1;H;53
146;8;2;2;1;A;53
146;8;3;1;1;T;53
146;=;0;96;56;0;10
147;1;0;2;0;8;7
147;1;1;3;0;9;40
147;1;2;4;0;B;6
147;1;3;1;0;T;38
147;2;0;2;3;A;7
147;2;1;3;3;V;40
147;2;2;4;3;H;36
147;2;3;1;3;9;3
147;3;0;4;2;V;5
147;3;1;3;0;A;65
147;3;2;2;2;H;34
147;3;3;1;2;B;24
147;4;0;1;3;T;8
147;4;1;4;3;8;40
147;4;2;3;1;7;53
147;4;3;2;0;7;29
147;5;0;4;2;A;9
147;5;1;3;1;9;53
147;5;2;2;2;T;36
147;5;3;1;2;7;3
147;6;0;2;0;H;7
147;6;1;3;0;V;40
147;6;2;4;3;7;53
147;6;3;1;2;8;53
147;7;0;4;1;T;13
147;7;1;3;1;H;40
147;7;2;2;1;V;4
147;7;3;1;1;B;38
147;8;0;4;3;B;9
147;8;1;3;1;A;53
147;8;2;2;1;8;68
147;8;3;1;2;9;53
147;=;0;20;132;20;150
148;1;0;1;2;8;7
148;1;1;4;2;T;40
148;1;2;3;2;9;6
148;1;3;2;2;A;38
148;2;0;1;2;H;7
148;2;1;4;2;V;40
148;2;2;3;2;B;6
148;2;3;2;3;9;53
148;3;0;1;1;A;8
148;3;1;4;1;H;40
148;3;2;3;1;9;36
148;3;3;2;1;7;3
148;4;0;3;1;T;7
148;4;1;4;1;V;40
148;4;2;1;1;8;36
148;4;3;2;1;B;38
148;5;0;1;3;A;8
148;5;1;4;3;7;40
148;5;2;3;3;B;36
148;5;3;2;3;V;38
148;6;0;1;2;7;56
148;6;1;4;3;H;53
148;6;2;3;0;7;53
148;6;3;2;0;B;53
148;7;0;3;0;8;13
148;7;1;4;0;T;40
148;7;2;1;0;V;23
148;7;3;2;0;A;48
148;8;0;2;0;H;8
148;8;1;3;3;T;53
148;8;2;4;3;8;53
148;8;3;1;0;9;38
148;=;2;114;38;80;10
149;1;0;2;3;A;8
149;1;1;3;3;8;40
149;1;2;4;0;H;69
149;1;3;1;3;7;38
149;2;0;2;1;H;7
149;2;1;3;1;7;34
149;2;2;4;1;A;6
149;2;3;1;0;7;53
149;3;0;2;1;B;58
149;3;1;3;1;8;34
149;3;2;4;3;B;69
149;3;3;1;2;B;53
149;4;0;2;3;T;8
149;4;1;3;3;H;40
149;4;2;4;3;9;36
149;4;3;1;2;V;53
149;5;0;2;1;9;58
149;5;1;3;1;V;40
149;5;2;4;2;8;53
149;5;3;1;2;H;53
149;6;0;2;3;V;8
149;6;1;3;0;8;53
149;6;2;4;2;7;53
149;6;3;1;2;T;53
149;7;0;4;2;9;13
149;7;1;3;0;B;53
149;7;2;2;0;9;53
149;7;3;1;2;A;38
149;8;0;3;0;A;13
149;8;1;4;1;T;65
149;8;2;1;0;T;36
149;8;3;2;0;V;38
149;=;1;13;139;0;10
150;1;0;3;1;T;9
150;1;1;4;2;7;53
150;1;2;1;1;8;4
150;1;3;2;1;B;3
150;2;0;1;1;A;8
150;2;1;4;1;9;40
150;2;2;3;2;V;69
150;2;3;2;1;V;38
150;3;0;1;2;H;54
150;3;1;4;2;B;40
150;3;2;3;3;9;12
150;3;3;2;2;8;34
150;4;0;3;2;9;13
150;4;1;4;0;7;53
150;4;2;1;1;H;53
150;4;3;2;2;A;38
150;5;0;2;3;B;58
150;5;1;3;3;8;40
150;5;2;4;0;8;53
150;5;3;1;3;7;3
150;6;0;2;0;B;5
150;6;1;3;0;9;40
150;6;2;4;0;V;32
150;6;3;1;3;V;29
150;7;0;3;1;7;9
150;7;1;4;0;H;53
150;7;2;1;3;H;35
150;7;3;2;0;T;53
150;8;0;1;3;A;56
150;8;1;4;2;T;53
150;8;2;3;3;T;36
150;8;3;2;0;A;53
150;=;3;117;35;10;0
151;1;0;4;2;9;11
151;1;1;3;0;B;53
151;1;2;2;2;A;36
151;1;3;1;2;B;30
151;2;0;3;0;V;5
151;2;1;4;2;V;65
151;2;2;1;0;7;34
151;2;3;2;0;8;32
151;3;0;4;3;A;7
151;3;1;3;3;T;40
151;3;2;2;3;8;4
151;3;3;1;3;9;38
151;4;0;4;1;7;13
151;4;1;3;1;B;34
151;4;2;2;1;9;36
151;4;3;1;1;8;24
151;5;0;3;1;V;13
151;5;1;4;1;T;34
151;5;2;1;1;A;36
151;5;3;2;3;7;53
151;6;0;3;3;H;5
151;6;1;4;2;H;65
151;6;2;1;0;9;53
151;6;3;2;3;B;3
151;7;0;4;1;H;13
151;7;1;3;0;H;53
151;7;2;2;3;V;53
151;7;3;1;2;8;29
151;8;0;3;2;T;55
151;8;1;4;0;A;53
151;8;2;1;2;7;36
151;8;3;2;0;T;53
151;=;2;115;37;30;20
152;1;0;1;0;7;47
152;1;1;4;0;H;40
152;1;2;3;2;V;28
152;1;3;2;0;8;34
152;2;0;3;1;7;13
152;2;1;4;1;H;40
152;2;2;1;1;9;23
152;2;3;2;1;8;24
152;3;0;2;2;B;2
152;3;1;3;2;9;40
152;3;2;4;3;7;53
152;3;3;1;2;7;3
152;4;0;2;3;A;8
152;4;1;3;3;H;40
152;4;2;4;3;8;22
152;4;3;1;3;T;38
152;5;0;4;0;A;11
152;5;1;3;0;9;34
152;5;2;2;0;B;36
152;5;3;1;0;T;38
152;6;0;4;3;9;13
152;6;1;3;3;V;40
152;6;2;2;3;B;36
152;6;3;1;1;B;53
152;7;0;1;2;A;2
152;7;1;4;2;T;40
152;7;2;3;1;T;69
152;7;3;2;2;8;38
152;8;0;3;0;V;9
152;8;1;4;1;A;53
152;8;2;1;2;H;35
152;8;3;2;1;V;53
152;=;2;66;86;10;40
153;1;0;4;3;7;7
153;1;1;3;3;8;42
153;1;2;2;3;B;6
153;1;3;1;3;H;3
153;2;0;4;0;8;5
153;2;1;3;3;V;65
153;2;2;2;0;H;36
153;2;3;1;0;7;32
153;3;0;1;1;A;2
153;3;1;4;1;T;40
153;3;2;3;2;7;53
153;3;3;2;1;8;3
153;4;0;3;3;9;57
153;4;1;4;2;8;53
153;4;2;1;3;T;36
153;4;3;2;3;A;38
153;5;0;3;2;9;13
153;5;1;4;2;A;16
153;5;2;1;2;T;36
153;5;3;2;2;B;38
153;6;0;4;2;H;9
153;6;1;3;1;7;53
153;6;2;2;1;B;53
153;6;3;1;1;9;53
153;7;0;2;1;H;8
153;7;1;3;0;V;53
153;7;2;4;0;T;69
153;7;3;1;0;9;53
153;8;0;4;2;V;9
153;8;1;3;0;A;53
153;8;2;2;1;V;53
153;8;3;1;0;B;53
153;=;3;63;89;0;30
154;1;0;3;3;B;57
154;1;1;4;2;9;53
154;1;2;1;3;V;4
154;1;3;2;3;7;3
154;2;0;3;2;V;13
154;2;1;4;1;B;53
154;2;2;1;2;H;36
154;2;3;2;2;A;46
154;3;0;4;0;A;7
154;3;1;3;0;V;40
154;3;2;2;0;7;4
154;3;3;1;0;8;3
154;4;0;2;2;7;41
154;4;1;3;2;T;40
154;4;2;4;3;8;45
154;4;3;1;3;H;29
154;5;0;1;1;7;1
154;5;1;4;1;T;40
154;5;2;3;1;A;6
154;5;3;2;1;8;38
154;6;0;3;1;V;5
154;6;1;4;3;9;65
154;6;2;1;1;H;36
154;6;3;2;2;8;53
154;7;0;2;3;A;2
154;7;1;3;3;T;40
154;7;2;4;0;B;53
154;7;3;1;0;H;53
154;8;0;4;1;9;9
154;8;1;3;2;B;53
154;8;2;2;0;9;68
154;8;3;1;0;T;53
154;=;3;58;94;0;30
155;1;0;2;1;A;8
155;1;1;3;1;9;40
155;1;2;4;0;B;69
155;1;3;1;2;7;29
155;2;0;1;3;A;7
155;2;1;4;3;7;40
155;2;2;3;3;9;36
155;2;3;2;3;H;3
155;3;0;1;0;8;5
155;3;1;4;0;T;40
155;3;2;3;0;7;34
155;3;3;2;3;8;53
155;4;0;4;2;H;7
155;4;1;3;2;8;34
155;4;2;2;2;9;6
155;4;3;1;2;A;38
155;5;0;2;2;T;7
155;5;1;3;2;V;40
155;5;2;4;2;B;6
155;5;3;1;3;V;53
155;6;0;4;3;T;9
155;6;1;3;3;B;40
155;6;2;2;1;8;68
155;6;3;1;0;V;53
155;7;0;2;1;H;8
155;7;1;3;0;9;53
155;7;2;4;1;7;22
155;7;3;1;0;H;53
155;8;0;2;1;T;7
155;8;1;3;1;V;40
155;8;2;4;1;B;36
155;8;3;1;0;A;53
155;=;2;28;124;0;50
156;1;0;1;3;7;7
156;1;1;4;2;8;53
156;1;2;3;3;9;6
156;1;3;2;3;V;3
156;2;0;1;3;A;58
156;2;1;4;1;8;53
156;2;2;3;0;B;69
156;2;3;2;3;8;38
156;3;0;1;3;B;58
156;3;1;4;3;H;40
156;3;2;3;0;H;69
156;3;3;2;1;7;53
156;4;0;3;0;9;13
156;4;1;4;0;A;16
156;4;2;1;2;7;53
156;4;3;2;0;T;38
156;5;0;4;1;A;7
156;5;1;3;1;B;40
156;5;2;2;1;V;4
156;5;3;1;1;9;3
156;6;0;2;2;A;7
156;6;1;3;2;B;40
156;6;2;4;2;9;36
156;6;3;1;2;H;3
156;7;0;4;0;7;13
156;7;1;3;0;V;40
156;7;2;2;2;V;53
156;7;3;1;2;T;68
156;8;0;3;3;T;55
156;8;1;4;0;8;53
156;8;2;1;1;H;68
156;8;3;2;1;T;53
156;=;3;98;54;10;0
157;1;0;4;3;V;7
157;1;1;3;3;A;18
157;1;2;2;3;B;6
157;1;3;1;3;T;39
157;2;0;4;0;H;7
157;2;1;3;0;B;40
157;2;2;2;0;A;36
157;2;3;1;0;7;3
157;3;0;4;2;A;7
157;3;1;3;2;8;34
157;3;2;2;2;9;4
157;3;3;1;2;T;38
157;4;0;4;1;B;5
157;4;1;3;3;7;65
157;4;2;2;1;7;23
157;4;3;1;1;H;3
157;5;0;1;1;A;8
157;5;1;4;2;7;53
157;5;2;3;0;9;53
157;5;3;2;1;9;3
157;6;0;3;3;9;57
157;6;1;4;2;H;53
157;6;2;1;3;H;36
157;6;3;2;3;8;38
157;7;0;3;2;V;9
157;7;1;4;1;T;53
157;7;2;1;0;V;68
157;7;3;2;2;B;38
157;8;0;3;1;8;13
157;8;1;4;0;T;53
157;8;2;1;0;8;53
157;8;3;2;1;V;38
157;=;3;57;95;0;50
158;1;0;3;1;8;62
158;1;1;4;2;9;53
158;1;2;1;1;T;6
158;1;3;2;1;V;3
158;2;0;3;2;T;9
158;2;1;4;3;B;53
158;2;2;1;2;7;4
158;2;3;2;2;V;38
158;3;0;1;2;A;8
158;3;1;4;3;V;53
158;3;2;3;2;8;36
158;3;3;2;0;T;29
158;4;0;2;0;9;63
158;4;1;3;0;H;40
158;4;2;4;3;T;52
158;4;3;1;0;B;30
158;5;0;1;0;A;58
158;5;1;4;3;H;53
158;5;2;3;3;9;53
158;5;3;2;0;V;38
158;6;0;1;0;8;56
158;6;1;4;3;A;53
158;6;2;3;1;7;53
158;6;3;2;3;8;53
158;7;0;3;2;H;9
158;7;1;4;2;B;40
158;7;2;1;3;7;53
158;7;3;2;1;9;53
158;8;0;1;0;7;56
158;8;1;4;1;A;53
158;8;2;3;1;B;53
158;8;3;2;1;H;53
158;=;0;128;24;10;0
159;1;0;4;2;T;7
159;1;1;3;2;B;40
159;1;2;2;2;9;36
159;1;3;1;2;7;3
159;2;0;4;3;9;7
159;2;1;3;3;T;40
159;2;2;2;3;B;36
159;2;3;1;3;7;38
159;3;0;2;0;7;5
159;3;1;3;0;A;40
159;3;2;4;0;T;36
159;3;3;1;2;H;68
159;4;0;3;1;A;7
159;4;1;4;1;H;40
159;4;2;1;1;V;4
159;4;3;2;1;B;38
159;5;0;1;2;8;41
159;5;1;4;2;A;40
159;5;2;3;3;8;45
159;5;3;2;0;8;53
159;6;0;3;1;T;7
159;6;1;4;1;9;40
159;6;2;1;1;8;4
159;6;3;2;0;9;53
159;7;0;3;3;A;57
159;7;1;4;3;V;34
159;7;2;1;2;V;68
159;7;3;2;0;V;53
159;8;0;3;0;B;5
159;8;1;4;3;H;65
159;8;2;1;1;7;53
159;8;3;2;0;H;38
159;=;3;86;66;70;50
160;1;0;3;3;A;9
160;1;1;4;3;V;40
160;1;2;1;3;9;36
160;1;3;2;3;8;3
160;2;0;1;0;A;8
160;2;1;4;0;B;40
160;2;2;3;1;H;69
160;2;3;2;0;7;3
160;3;0;1;2;B;58
160;3;1;4;2;8;34
160;3;2;3;2;H;36
160;3;3;2;2;A;38
160;4;0;3;1;8;5
160;4;1;4;2;7;65
160;4;2;1;1;V;23
160;4;3;2;1;7;3
160;5;0;4;2;9;57
160;5;1;3;2;V;40
160;5;2;2;3;T;51
160;5;3;1;2;T;38
160;6;0;4;3;H;9
160;6;1;3;1;B;53
160;6;2;2;0;9;68
160;6;3;1;0;8;53
160;7;0;4;3;B;9
160;7;1;3;0;V;53
160;7;2;2;1;9;68
160;7;3;1;0;H;53
160;8;0;4;3;7;9
160;8;1;3;1;A;53
160;8;2;2;0;T;53
160;8;3;1;1;T;53
160;=;2;66;86;0;10
161;1;0;2;0;V;7
161;1;1;3;0;9;18
161;1;2;4;0;B;6
161;1;3;1;0;A;3
161;2;0;2;2;A;8
161;2;1;3;2;H;40
161;2;2;4;2;9;22
161;2;3;1;2;7;3
161;3;0;4;3;8;5
161;3;1;3;0;7;65
161;3;2;2;3;H;23
161;3;3;1;3;7;3
161;4;0;1;3;A;7
161;4;1;4;3;V;40
161;4;2;3;3;B;36
161;4;3;2;3;T;38
161;5;0;3;1;9;2
161;5;1;4;1;T;40
161;5;2;1;1;A;6
161;5;3;2;1;7;3
161;6;0;3;0;H;57
161;6;1;4;0;8;40
161;6;2;1;0;T;36
161;6;3;2;2;V;53
161;7;0;3;1;8;13
161;7;1;4;2;B;53
161;7;2;1;1;B;36
161;7;3;2;1;V;46
161;8;0;4;2;T;9
161;8;1;3;3;9;53
161;8;2;2;1;H;53
161;8;3;1;2;8;38
161;=;0;68;84;20;10
162;1;0;3;1;A;1
162;1;1;4;1;T;40
162;1;2;1;3;7;68
162;1;3;2;1;8;3
162;2;0;3;2;T;7
162;2;1;4;2;7;40
162;2;2;1;2;B;6
162;2;3;2;2;9;38
162;3;0;3;1;H;9
162;3;1;4;1;7;40
162;3;2;1;3;T;51
162;3;3;2;1;9;3
162;4;0;1;0;A;7
162;4;1;4;0;8;34
162;4;2;3;0;9;36
162;4;3;2;0;H;3
162;5;0;1;2;A;58
162;5;1;4;3;8;53
162;5;2;3;3;9;53
162;5;3;2;3;B;53
162;6;0;3;2;V;7
162;6;1;4;0;B;53
162;6;2;1;2;H;66
162;6;3;2;1;V;53
162;7;0;3;1;B;9
162;7;1;4;0;7;53
162;7;2;1;0;V;68
162;7;3;2;0;T;53
162;8;0;1;2;8;56
162;8;1;4;3;V;53
162;8;2;3;3;H;53
162;8;3;2;3;A;53
162;=;2;152;0;70;0
163;1;0;4;1;V;7
163;1;1;3;1;8;40
163;1;2;2;1;B;6
163;1;3;1;1;H;38
163;2;0;2;3;8;1
163;2;1;3;3;T;40
163;2;2;4;3;A;6
163;2;3;1;3;7;3
163;3;0;2;0;H;7
163;3;1;3;0;V;40
163;3;2;4;3;H;69
163;3;3;1;0;A;46
163;4;0;3;2;A;7
163;4;1;4;2;H;34
163;4;2;1;2;V;4
163;4;3;2;2;9;3
163;5;0;3;1;9;57
163;5;1;4;1;A;40
163;5;2;1;3;V;68
163;5;3;2;1;7;38
163;6;0;3;1;T;55
163;6;1;4;0;9;53
163;6;2;1;0;8;68
163;6;3;2;3;9;53
163;7;0;3;2;8;13
163;7;1;4;2;T;40
163;7;2;1;2;7;36
163;7;3;2;2;B;38
163;8;0;2;0;T;8
163;8;1;3;3;B;53
163;8;2;4;0;B;36
163;8;3;1;0;7;38
163;=;1;78;74;40;50
164;1;0;1;0;V;7
164;1;1;4;0;H;40
164;1;2;3;0;9;6
164;1;3;2;3;7;53
164;2;0;1;1;A;7
164;2;1;4;1;7;40
164;2;2;3;1;H;36
164;2;3;2;1;8;3
164;3;0;1;0;B;56
164;3;1;4;2;7;53
164;3;2;3;3;H;69
164;3;3;2;2;B;53
164;4;0;1;0;7;1
164;4;1;4;0;T;40
164;4;2;3;0;A;6
164;4;3;2;1;B;53
164;5;0;1;0;8;56
164;5;1;4;2;H;53
164;5;2;3;3;8;53
164;5;3;2;1;V;53
164;6;0;3;3;9;13
164;6;1;4;3;T;40
164;6;2;1;2;9;53
164;6;3;2;3;A;38
164;7;0;4;2;A;9
164;7;1;3;2;8;40
164;7;2;2;2;T;36
164;7;3;1;2;V;38
164;8;0;2;1;T;8
164;8;1;3;3;V;53
164;8;2;4;3;B;53
164;8;3;1;1;9;38
164;=;0;92;60;20;10
165;1;0;2;1;A;8
165;1;1;3;1;7;40
165;1;2;4;0;T;52
165;1;3;1;1;H;38
165;2;0;2;1;T;7
165;2;1;3;1;V;40
165;2;2;4;1;B;36
165;2;3;1;0;9;29
165;3;0;1;3;A;8
165;3;1;4;3;8;34
165;3;2;3;2;V;53
165;3;3;2;3;7;3
165;4;0;3;2;H;5
165;4;1;4;0;V;65
165;4;2;1;2;9;23
165;4;3;2;2;7;32
165;5;0;4;0;B;57
165;5;1;3;0;7;34
165;5;2;2;0;H;36
165;5;3;1;2;B;53
165;6;0;4;1;9;9
165;6;1;3;1;8;40
165;6;2;2;3;T;68
165;6;3;1;3;V;53
165;7;0;4;3;B;5
165;7;1;3;0;A;65
165;7;2;2;3;9;36
165;7;3;1;3;H;38
165;8;0;3;2;A;13
165;8;1;4;0;8;65
165;8;2;1;2;T;36
165;8;3;2;2;8;38
165;=;0;60;92;20;10
166;1;0;3;3;B;57
166;1;1;4;2;7;53
166;1;2;1;3;H;36
166;1;3;2;3;7;38
166;2;0;1;2;V;54
166;2;1;4;2;9;40
166;2;2;3;3;A;12
166;2;3;2;2;B;3
166;3;0;1;1;H;54
166;3;1;4;1;B;34
166;3;2;3;3;V;12
166;3;3;2;1;A;38
166;4;0;1;1;7;5
166;4;1;4;1;T;40
166;4;2;3;0;7;53
166;4;3;2;0;T;68
166;5;0;4;0;9;13
166;5;1;3;0;H;16
166;5;2;2;0;A;36
166;5;3;1;0;B;38
166;6;0;2;2;H;54
166;6;1;3;2;8;40
166;6;2;4;3;T;12
166;6;3;1;1;8;53
166;7;0;4;0;V;13
166;7;1;3;0;8;40
166;7;2;2;2;T;53
166;7;3;1;1;9;53
166;8;0;2;2;A;14
166;8;1;3;3;9;65
166;8;2;4;3;8;35
166;8;3;1;1;V;68
166;=;3;88;64;10;0
167;1;0;4;3;A;9
167;1;1;3;3;8;34
167;1;2;2;3;7;36
167;1;3;1;1;8;29
167;2;0;1;1;B;7
167;2;1;4;1;H;40
167;2;2;3;3;V;69
167;2;3;2;1;A;3
167;3;0;1;0;A;7
167;3;1;4;0;T;40
167;3;2;3;0;V;22
167;3;3;2;0;7;3
167;4;0;1;1;9;58
167;4;1;4;3;9;53
167;4;2;3;0;8;53
167;4;3;2;1;V;38
167;5;0;3;2;9;13
167;5;1;4;2;B;40
167;5;2;1;2;H;49
167;5;3;2;2;A;46
167;6;0;4;3;H;13
167;6;1;3;3;B;40
167;6;2;2;2;8;53
167;6;3;1;1;7;29
167;7;0;3;0;B;13
167;7;1;4;3;T;53
167;7;2;1;0;9;36
167;7;3;2;0;H;38
167;8;0;4;2;T;13
167;8;1;3;1;T;65
167;8;2;2;2;V;36
167;8;3;1;2;7;38
167;=;1;119;33;10;0
168;1;0;1;3;H;7
168;1;1;4;2;B;53
168;1;2;3;3;B;6
168;1;3;2;3;T;3
168;2;0;3;0;A;7
168;2;1;4;0;B;34
168;2;2;1;0;9;4
168;2;3;2;3;V;29
168;3;0;4;3;9;57
168;3;1;3;3;7;34
168;3;2;2;1;T;68
168;3;3;1;3;A;38
168;4;0;2;1;H;7
168;4;1;3;1;V;40
168;4;2;4;1;B;36
168;4;3;1;1;7;3
168;5;0;4;2;H;5
168;5;1;3;3;8;65
168;5;2;2;2;7;34
168;5;3;1;2;8;3
168;6;0;3;0;T;9
168;6;1;4;0;H;40
168;6;2;1;0;V;36
168;6;3;2;2;9;53
168;7;0;3;0;8;9
168;7;1;4;0;7;40
168;7;2;1;2;V;68
168;7;3;2;2;A;53
168;8;0;3;1;9;13
168;8;1;4;2;T;53
168;8;2;1;1;8;36
168;8;3;2;1;A;38
168;=;3;71;81;0;30
169;1;0;4;0;H;7
169;1;1;3;0;V;40
169;1;2;2;0;A;4
169;1;3;1;0;8;38
169;2;0;2;3;A;8
169;2;1;3;3;8;34
169;2;2;4;0;7;69
169;2;3;1;3;B;3
169;3;0;2;1;A;58
169;3;1;3;3;9;53
169;3;2;4;1;H;36
169;3;3;1;1;7;3
169;4;0;2;1;B;58
169;4;1;3;0;B;53
169;4;2;4;2;8;69
169;4;3;1;1;8;3
169;5;0;2;1;9;58
169;5;1;3;2;V;53
169;5;2;4;3;7;53
169;5;3;1;1;T;38
169;6;0;4;2;7;13
169;6;1;3;2;H;40
169;6;2;2;2;T;36
169;6;3;1;2;A;46
169;7;0;3;3;T;9
169;7;1;4;3;H;40
169;7;2;1;3;V;36
169;7;3;2;0;9;53
169;8;0;1;2;B;8
169;8;1;4;2;9;40
169;8;2;3;1;V;35
169;8;3;2;0;T;53
169;=;1;57;95;10;20
170;1;0;3;1;V;7
170;1;1;4;1;H;40
170;1;2;1;1;B;6
170;1;3;2;1;A;38
170;2;0;3;3;A;7
170;2;1;4;2;8;53
170;2;2;1;3;V;4
170;2;3;2;3;H;38
170;3;0;1;1;T;58
170;3;1;4;0;7;53
170;3;2;3;2;V;69
170;3;3;2;2;7;53
170;4;0;3;0;T;10
170;4;1;4;0;B;40
170;4;2;1;2;B;68
170;4;3;2;0;A;46
170;5;0;2;0;H;8
170;5;1;3;0;8;40
170;5;2;4;3;8;53
170;5;3;1;1;7;29
170;6;0;3;3;T;9
170;6;1;4;2;9;53
170;6;2;1;3;7;4
170;6;3;2;0;9;53
170;7;0;3;3;9;9
170;7;1;4;2;T;53
170;7;2;1;3;B;36
170;7;3;2;0;V;53
170;8;0;1;1;9;58
170;8;1;4;1;8;40
170;8;2;3;2;H;53
170;8;3;2;2;A;53
170;=;1;127;25;100;0
171;1;0;2;2;8;41
171;1;1;3;2;T;40
171;1;2;4;3;A;45
171;1;3;1;2;7;34
171;2;0;4;1;9;5
171;2;1;3;3;V;65
171;2;2;2;1;7;36
171;2;3;1;1;V;3
171;3;0;1;1;A;8
171;3;1;4;1;B;40
171;3;2;3;1;H;36
171;3;3;2;3;8;29
171;4;0;4;0;7;13
171;4;1;3;0;H;34
171;4;2;2;3;T;29
171;4;3;1;0;9;3
171;5;0;4;0;8;13
171;5;1;3;0;T;40
171;5;2;2;3;9;29
171;5;3;1;0;V;34
171;6;0;4;3;B;57
171;6;1;3;3;7;40
171;6;2;2;2;H;68
171;6;3;1;3;H;38
171;7;0;4;0;B;13
171;7;1;3;2;9;53
171;7;2;2;2;B;53
171;7;3;1;0;A;38
171;8;0;3;1;T;9
171;8;1;4;1;8;40
171;8;2;1;2;A;53
171;8;3;2;2;V;53
171;=;3;45;107;10;0
172;1;0;3;2;7;5
172;1;1;4;3;V;65
172;1;2;1;2;B;23
172;1;3;2;2;9;38
172;2;0;2;1;A;7
172;2;1;3;1;H;40
172;2;2;4;1;8;22
172;2;3;1;1;7;3
172;3;0;2;3;B;58
172;3;1;3;3;A;40
172;3;2;4;0;H;69
172;3;3;1;3;7;3
172;4;0;4;1;9;13
172;4;1;3;1;T;40
172;4;2;2;1;B;36
172;4;3;1;1;V;38
172;5;0;3;2;H;2
172;5;1;4;2;T;40
172;5;2;1;2;A;6
172;5;3;2;3;8;29
172;6;0;4;0;8;13
172;6;1;3;0;7;40
172;6;2;2;0;B;23
172;6;3;1;3;H;29
172;7;0;3;2;V;9
172;7;1;4;0;9;53
172;7;2;1;3;T;35
172;7;3;2;0;V;53
172;8;0;3;2;8;9
172;8;1;4;0;A;53
172;8;2;1;3;9;35
172;8;3;2;0;T;53
172;=;3;72;80;60;0
173;1;0;2;0;9;10
173;1;1;3;0;8;40
173;1;2;4;0;T;6
173;1;3;1;0;A;46
173;2;0;3;2;A;7
173;2;1;4;2;7;34
173;2;2;1;0;V;68
173;2;3;2;2;8;3
173;3;0;3;3;8;5
173;3;1;4;1;7;65
173;3;2;1;3;7;23
173;3;3;2;3;H;3
173;4;0;4;0;H;9
173;4;1;3;3;9;53
173;4;2;2;3;T;51
173;4;3;1;0;7;38
173;5;0;2;1;B;58
173;5;1;3;3;B;53
173;5;2;4;2;9;53
173;5;3;1;1;8;3
173;6;0;4;0;B;13
173;6;1;3;2;B;53
173;6;2;2;2;V;53
173;6;3;1;1;A;29
173;7;0;3;1;V;7
173;7;1;4;2;H;53
173;7;2;1;1;9;6
173;7;3;2;1;T;3
173;8;0;3;3;V;13
173;8;1;4;2;T;53
173;8;2;1;3;A;36
173;8;3;2;1;H;29
173;=;1;84;68;20;10
174;1;0;1;0;A;8
174;1;1;4;0;9;34
174;1;2;3;0;V;36
174;1;3;2;3;7;53
174;2;0;3;1;7;5
174;2;1;4;2;8;65
174;2;2;1;1;H;36
174;2;3;2;1;8;3
174;3;0;2;3;A;2
174;3;1;3;3;T;40
174;3;2;4;0;T;69
174;3;3;1;3;9;38
174;4;0;4;2;B;57
174;4;1;3;2;A;40
174;4;2;2;1;V;68
174;4;3;1;2;V;3
174;5;0;2;3;8;47
174;5;1;3;3;H;40
174;5;2;4;2;7;65
174;5;3;1;2;H;29
174;6;0;1;2;T;56
174;6;1;4;1;9;53
174;6;2;3;1;T;69
174;6;3;2;3;B;53
174;7;0;1;2;9;56
174;7;1;4;0;8;53
174;7;2;3;0;7;53
174;7;3;2;3;V;53
174;8;0;3;1;B;13
174;8;1;4;0;H;53
174;8;2;1;0;B;53
174;8;3;2;1;A;38
174;=;2;61;91;0;10
175;1;0;2;0;A;7
175;1;1;3;0;8;40
175;1;2;4;0;9;6
175;1;3;1;0;H;3
175;2;0;4;3;A;7
175;2;1;3;3;B;34
175;2;2;2;3;H;36
175;2;3;1;3;7;3
175;3;0;4;0;V;7
175;3;1;3;0;T;40
175;3;2;2;0;B;6
175;3;3;1;0;7;38
175;4;0;4;2;7;2
175;4;1;3;2;T;40
175;4;2;2;2;A;6
175;4;3;1;3;9;53
175;5;0;4;2;H;9
175;5;1;3;3;V;53
175;5;2;2;2;8;4
175;5;3;1;1;7;53
175;6;0;4;2;V;9
175;6;1;3;3;8;53
175;6;2;2;2;9;36
175;6;3;1;1;8;53
175;7;0;4;2;B;9
175;7;1;3;1;T;53
175;7;2;2;1;H;68
175;7;3;1;3;T;53
175;8;0;4;1;B;13
175;8;1;3;1;9;40
175;8;2;2;1;V;36
175;8;3;1;1;A;38
175;=;0;16;136;10;20
176;1;0;1;0;T;7
176;1;1;4;0;8;40
176;1;2;3;0;B;6
176;1;3;2;0;7;3
176;2;0;3;2;A;7
176;2;1;4;2;8;40
176;2;2;1;2;9;4
176;2;3;2;2;7;38
176;3;0;1;2;T;8
176;3;1;4;1;9;53
176;3;2;3;1;V;69
176;3;3;2;0;V;29
176;4;0;2;3;A;7
176;4;1;3;3;H;40
176;4;2;4;3;V;36
176;4;3;1;3;8;38
176;5;0;2;0;9;58
176;5;1;3;0;A;40
176;5;2;4;1;7;53
176;5;3;1;0;H;38
176;6;0;2;3;T;8
176;6;1;3;1;B;53
176;6;2;4;2;B;53
176;6;3;1;1;8;53
176;7;0;4;1;T;13
176;7;1;3;3;B;53
176;7;2;2;3;7;53
176;7;3;1;1;A;46
176;8;0;3;2;H;9
176;8;1;4;2;V;40
176;8;2;1;1;H;53
176;8;3;2;3;9;53
176;=;0;75;77;30;20
177;1;0;4;1;9;13
177;1;1;3;1;A;40
177;1;2;2;1;V;23
177;1;3;1;1;7;3
177;2;0;1;0;V;7
177;2;1;4;0;7;34
177;2;2;3;0;B;6
177;2;3;2;0;9;3
177;3;0;3;2;A;9
177;3;1;4;2;V;40
177;3;2;1;2;9;36
177;3;3;2;2;T;38
177;4;0;1;0;A;58
177;4;1;4;0;8;40
177;4;2;3;2;8;53
177;4;3;2;0;H;3
177;5;0;3;2;7;13
177;5;1;4;3;B;53
177;5;2;1;3;7;53
177;5;3;2;0;T;29
177;6;0;2;1;H;8
177;6;1;3;2;H;53
177;6;2;4;3;V;53
177;6;3;1;1;8;3
177;7;0;4;2;B;9
177;7;1;3;3;T;53
177;7;2;2;3;9;68
177;7;3;1;3;8;53
177;8;0;2;1;T;8
177;8;1;3;3;A;53
177;8;2;4;3;H;53
177;8;3;1;1;B;38
177;=;0;90;62;0;30
178;1;0;3;3;T;7
178;1;1;4;3;7;34
178;1;2;1;3;B;6
178;1;3;2;1;9;53
178;2;0;3;3;H;7
178;2;1;4;3;V;40
178;2;2;1;3;9;6
178;2;3;2;0;7;53
178;3;0;3;1;A;7
178;3;1;4;1;7;40
178;3;2;1;1;V;36
178;3;3;2;1;T;3
178;4;0;3;0;A;7
178;4;1;4;2;V;53
178;4;2;1;0;H;4
178;4;3;2;0;9;3
178;5;0;1;0;T;8
178;5;1;4;2;H;53
178;5;2;3;0;8;36
178;5;3;2;0;B;3
178;6;0;3;2;9;13
178;6;1;4;2;A;16
178;6;2;1;2;7;23
178;6;3;2;2;B;38
178;7;0;4;2;T;9
178;7;1;3;1;8;53
178;7;2;2;0;V;53
178;7;3;1;2;8;38
178;8;0;2;1;H;8
178;8;1;3;1;B;40
178;8;2;4;3;A;35
178;8;3;1;3;8;35
178;=;3;109;43;20;10
179;1;0;4;1;T;7
179;1;1;3;1;8;34
179;1;2;2;1;9;4
179;1;3;1;0;8;29
179;2;0;3;2;9;13
179;2;1;4;2;T;16
179;2;2;1;2;H;23
179;2;3;2;2;7;38
179;3;0;2;0;B;7
179;3;1;3;0;T;40
179;3;2;4;1;B;69
179;3;3;1;0;7;3
179;4;0;2;3;A;7
179;4;1;3;3;B;40
179;4;2;4;3;9;22
179;4;3;1;3;7;3
179;5;0;4;3;H;5
179;5;1;3;0;V;65
179;5;2;2;3;8;36
179;5;3;1;3;T;38
179;6;0;1;0;A;58
179;6;1;4;2;B;53
179;6;2;3;1;V;53
179;6;3;2;0;H;38
179;7;0;3;2;A;9
179;7;1;4;2;V;40
179;7;2;1;2;8;36
179;7;3;2;1;7;53
179;8;0;1;0;9;56
179;8;1;4;3;V;53
179;8;2;3;1;H;53
179;8;3;2;1;A;53
179;=;0;93;59;30;0
180;1;0;1;2;8;41
180;1;1;4;2;A;40
180;1;2;3;3;8;45
180;1;3;2;2;V;3
180;2;0;3;3;B;57
180;2;1;4;3;7;40
180;2;2;1;3;T;4
180;2;3;2;0;8;53
180;3;0;3;0;7;13
180;3;1;4;0;B;40
180;3;2;1;0;V;23
180;3;3;2;0;T;46
180;4;0;2;1;A;7
180;4;1;3;1;H;40
180;4;2;4;1;8;22
180;4;3;1;1;B;3
180;5;0;2;2;H;8
180;5;1;3;2;9;34
180;5;2;4;2;7;36
180;5;3;1;3;V;29
180;6;0;1;1;V;8
180;6;1;4;1;9;40
180;6;2;3;2;B;53
180;6;3;2;0;9;53
180;7;0;1;0;H;14
180;7;1;4;3;H;65
180;7;2;3;3;A;28
180;7;3;2;0;A;38
180;8;0;3;1;7;13
180;8;1;4;3;9;65
180;8;2;1;1;T;36
180;8;3;2;2;T;68
180;=;3;86;66;0;30
181;1;0;4;0;A;7
181;1;1;3;0;9;34
181;1;2;2;0;T;4
181;1;3;1;0;7;3
181;2;0;2;0;H;54
181;2;1;3;0;B;40
181;2;2;4;1;9;12
181;2;3;1;0;8;38
181;3;0;2;0;V;5
181;3;1;3;1;8;65
181;3;2;4;1;H;28
181;3;3;1;1;T;29
181;4;0;1;3;9;10
181;4;1;4;3;H;40
181;4;2;3;3;T;6
181;4;3;2;3;8;38
181;5;0;1;1;B;58
181;5;1;4;1;7;40
181;5;2;3;2;8;53
181;5;3;2;1;V;3
181;6;0;3;3;B;13
181;6;1;4;2;7;53
181;6;2;1;3;7;36
181;6;3;2;1;A;29
181;7;0;4;2;A;7
181;7;1;3;3;V;53
181;7;2;2;2;V;4
181;7;3;1;2;9;3
181;8;0;4;2;T;9
181;8;1;3;3;A;53
181;8;2;2;2;B;36
181;8;3;1;2;H;38
181;=;1;54;98;20;10
182;1;0;3;2;A;7
182;1;1;4;2;7;34
182;1;2;1;2;V;36
182;1;3;2;2;8;3
182;2;0;3;1;8;7
182;2;1;4;1;T;40
182;2;2;1;1;B;6
182;2;3;2;1;9;38
182;3;0;1;0;A;8
182;3;1;4;2;B;53
182;3;2;3;0;8;36
182;3;3;2;0;B;3
182;4;0;1;0;T;8
182;4;1;4;3;B;53
182;4;2;3;3;7;53
182;4;3;2;0;V;3
182;5;0;3;1;A;55
182;5;1;4;2;H;53
182;5;2;1;1;7;4
182;5;3;2;2;9;53
182;6;0;1;1;H;56
182;6;1;4;3;8;53
182;6;2;3;3;9;53
182;6;3;2;3;V;53
182;7;0;1;1;V;56
182;7;1;4;3;A;53
182;7;2;3;3;H;53
182;7;3;2;0;H;53
182;8;0;3;0;9;9
182;8;1;4;2;T;53
182;8;2;1;0;7;36
182;8;3;2;3;T;53
182;=;1;152;0;60;0
183;1;0;4;0;T;7
183;1;1;3;0;V;40
183;1;2;2;0;B;4
183;1;3;1;0;7;38
183;2;0;4;3;T;7
183;2;1;3;3;V;40
183;2;2;2;3;9;6
183;2;3;1;3;8;38
183;3;0;4;2;A;9
183;3;1;3;2;8;34
183;3;2;2;1;9;68
183;3;3;1;2;7;3
183;4;0;4;3;B;57
183;4;1;3;3;A;40
183;4;2;2;3;7;36
183;4;3;1;2;9;53
183;5;0;2;0;A;8
183;5;1;3;2;V;53
183;5;2;4;1;T;52
183;5;3;1;1;8;53
183;6;0;2;0;H;8
183;6;1;3;0;8;40
183;6;2;4;1;B;53
183;6;3;1;2;B;53
183;7;0;2;0;9;8
183;7;1;3;1;H;53
183;7;2;4;3;H;35
183;7;3;1;1;V;53
183;8;0;4;2;H;13
183;8;1;3;1;A;53
183;8;2;2;1;7;53
183;8;3;1;2;T;38
183;=;3;25;127;10;40
184;1;0;3;2;A;9
184;1;1;4;2;7;34
184;1;2;1;2;9;36
184;1;3;2;2;B;3
184;2;0;3;2;T;9
184;2;1;4;2;8;40
184;2;2;1;1;H;68
184;2;3;2;2;V;38
184;3;0;1;3;B;58
184;3;1;4;3;8;34
184;3;2;3;3;7;36
184;3;3;2;3;A;38
184;4;0;3;1;8;5
184;4;1;4;3;V;65
184;4;2;1;1;7;34
184;4;3;2;1;B;38
184;5;0;2;0;A;7
184;5;1;3;0;H;40
184;5;2;4;2;H;53
184;5;3;1;0;7;3
184;6;0;2;0;T;8
184;6;1;3;1;V;53
184;6;2;4;3;H;35
184;6;3;1;0;V;38
184;7;0;4;3;T;55
184;7;1;3;0;B;53
184;7;2;2;0;9;68
184;7;3;1;1;9;53
184;8;0;2;0;8;8
184;8;1;3;1;T;53
184;8;2;4;3;9;35
184;8;3;1;1;A;53
184;=;3;61;91;0;10
185;1;0;2;1;T;63
185;1;1;3;1;7;40
185;1;2;4;2;V;69
185;1;3;1;1;8;3
185;2;0;4;3;9;11
185;2;1;3;2;7;53
185;2;2;2;3;T;4
185;2;3;1;3;V;38
185;3;0;2;1;9;54
185;3;1;3;1;V;34
185;3;2;4;3;7;12
185;3;3;1;1;H;38
185;4;0;4;2;8;13
185;4;1;3;0;9;53
185;4;2;2;0;8;53
185;4;3;1;2;9;46
185;5;0;1;0;7;1
185;5;1;4;0;T;40
185;5;2;3;0;A;6
185;5;3;2;0;B;3
185;6;0;3;1;B;5
185;6;1;4;3;H;65
185;6;2;1;2;H;53
185;6;3;2;0;H;68
185;7;0;4;3;B;57
185;7;1;3;3;8;40
185;7;2;2;3;A;36
185;7;3;1;2;T;53
185;8;0;2;0;V;8
185;8;1;3;1;A;53
185;8;2;4;2;B;53
185;8;3;1;2;A;53
185;=;3;23;129;0;10
186;1;0;1;1;H;7
186;1;1;4;3;7;53
186;1;2;3;1;B;6
186;1;3;2;1;7;3
186;2;0;1;0;A;8
186;2;1;4;0;9;40
186;2;2;3;2;H;69
186;2;3;2;0;B;3
186;3;0;3;3;9;13
186;3;1;4;3;8;40
186;3;2;1;3;T;49
186;3;3;2;3;A;46
186;4;0;4;2;A;9
186;4;1;3;2;8;40
186;4;2;2;0;T;68
186;4;3;1;2;9;3
186;5;0;4;1;9;57
186;5;1;3;1;8;34
186;5;2;2;1;V;36
186;5;3;1;1;A;38
186;6;0;4;2;7;13
186;6;1;3;2;T;40
186;6;2;2;3;B;53
186;6;3;1;2;B;38
186;7;0;3;1;T;55
186;7;1;4;2;V;53
186;7;2;1;0;7;68
186;7;3;2;3;H;53
186;8;0;1;3;V;8
186;8;1;4;0;V;53
186;8;2;3;0;8;53
186;8;3;2;0;H;53
186;=;1;82;70;10;20
187;1;0;2;2;B;58
187;1;1;3;2;H;40
187;1;2;4;2;A;36
187;1;3;1;2;9;38
187;2;0;4;3;8;13
187;2;1;3;0;7;53
187;2;2;2;3;7;36
187;2;3;1;3;9;46
187;3;0;1;0;A;8
187;3;1;4;0;8;40
187;3;2;3;0;B;36
187;3;3;2;0;H;38
187;4;0;1;1;A;7
187;4;1;4;1;7;40
187;4;2;3;1;9;22
187;4;3;2;1;T;3
187;5;0;3;1;B;13
187;5;1;4;3;V;53
187;5;2;1;1;V;36
187;5;3;2;1;8;38
187;6;0;3;2;T;57
187;6;1;4;3;H;53
187;6;2;1;3;B;68
187;6;3;2;2;7;3
187;7;0;3;1;H;13
187;7;1;4;0;9;53
187;7;2;1;0;V;53
187;7;3;2;2;8;29
187;8;0;2;2;V;56
187;8;1;3;3;A;53
187;8;2;4;3;T;69
187;8;3;1;0;T;53
187;=;2;62;90;20;10
188;1;0;3;1;A;7
188;1;1;4;1;7;34
188;1;2;1;1;T;4
188;1;3;2;1;8;3
188;2;0;1;0;A;7
188;2;1;4;3;7;53
188;2;2;3;0;9;6
188;2;3;2;0;7;3
188;3;0;1;0;B;58
188;3;1;4;1;9;53
188;3;2;3;3;8;53
188;3;3;2;0;8;3
188;4;0;3;3;9;13
188;4;1;4;2;B;53
188;4;2;1;2;7;53
188;4;3;2;3;B;46
188;5;0;4;2;A;9
188;5;1;3;3;V;53
188;5;2;2;1;B;68
188;5;3;1;2;9;3
188;6;0;4;2;T;9
188;6;1;3;3;H;53
188;6;2;2;3;A;53
188;6;3;1;2;V;3
188;7;0;2;0;T;58
188;7;1;3;3;T;53
188;7;2;4;2;8;53
188;7;3;1;2;H;53
188;8;0;4;1;V;5
188;8;1;3;0;H;65
188;8;2;2;0;V;35
188;8;3;1;1;H;38
188;=;0;80;72;30;0
189;1;0;2;3;B;58
189;1;1;3;1;8;53
189;1;2;4;3;H;36
189;1;3;1;3;8;38
189;2;0;4;2;7;13
189;2;1;3;1;V;53
189;2;2;2;2;8;36
189;2;3;1;2;T;46
189;3;0;3;0;H;7
189;3;1;4;2;9;53
189;3;2;1;0;B;4
189;3;3;2;0;V;38
189;4;0;1;1;9;10
189;4;1;4;1;7;40
189;4;2;3;1;T;6
189;4;3;2;1;H;3
189;5;0;1;2;H;54
189;5;1;4;2;B;34
189;5;2;3;3;A;12
189;5;3;2;1;B;53
189;6;0;3;0;8;13
189;6;1;4;2;V;53
189;6;2;1;0;9;4
189;6;3;2;3;7;29
189;7;0;4;0;7;13
189;7;1;3;0;A;40
189;7;2;2;3;V;29
189;7;3;1;0;T;38
189;8;0;4;2;A;13
189;8;1;3;3;9;65
189;8;2;2;3;T;35
189;8;3;1;1;A;53
189;=;3;101;51;30;0
190;1;0;1;0;A;7
190;1;1;4;0;8;34
190;1;2;3;0;9;6
190;1;3;2;0;V;3
190;2;0;3;2;A;7
190;2;1;4;2;8;40
190;2;2;1;2;H;36
190;2;3;2;2;7;3
190;3;0;3;2;T;7
190;3;1;4;2;B;40
190;3;2;1;1;V;68
190;3;3;2;2;9;3
190;4;0;1;0;B;58
190;4;1;4;0;H;34
190;4;2;3;3;T;69
190;4;3;2;0;7;38
190;5;0;3;1;B;5
190;5;1;4;0;T;65
190;5;2;1;1;7;34
190;5;3;2;1;8;32
190;6;0;4;3;A;7
190;6;1;3;3;H;40
190;6;2;2;3;V;36
190;6;3;1;3;8;3
190;7;0;2;2;V;8
190;7;1;3;3;7;53
190;7;2;4;1;T;52
190;7;3;1;3;B;53
190;8;0;4;3;9;9
190;8;1;3;1;H;53
190;8;2;2;1;9;68
190;8;3;1;1;A;53
190;=;0;92;60;20;30
191;1;0;2;0;8;7
191;1;1;3;3;B;53
191;1;2;4;0;9;6
191;1;3;1;0;V;3
191;2;0;2;0;B;58
191;2;1;3;3;V;53
191;2;2;4;2;B;69
191;2;3;1;0;7;3
191;3;0;4;3;9;13
191;3;1;3;0;T;65
191;3;2;2;3;T;36
191;3;3;1;3;7;32
191;4;0;3;2;A;7
191;4;1;4;2;7;40
191;4;2;1;2;V;4
191;4;3;2;2;8;3
191;5;0;3;1;A;9
191;5;1;4;1;7;34
191;5;2;1;1;8;36
191;5;3;2;1;T;38
191;6;0;1;2;T;8
191;6;1;4;3;8;53
191;6;2;3;1;9;53
191;6;3;2;2;9;3
191;7;0;1;0;A;58
191;7;1;4;1;B;53
191;7;2;3;1;V;53
191;7;3;2;0;H;38
191;8;0;3;3;A;9
191;8;1;4;1;H;53
191;8;2;1;3;H;36
191;8;3;2;2;H;53
191;=;0;108;44;10;0
192;1;0;1;0;B;58
192;1;1;4;0;8;40
192;1;2;3;2;B;69
192;1;3;2;0;A;3
192;2;0;3;3;7;5
192;2;1;4;0;H;65
192;2;2;1;3;9;23
192;2;3;2;3;B;3
192;3;0;2;0;9;2
192;3;1;3;0;T;40
192;3;2;4;1;8;53
192;3;3;1;0;V;38
192;4;0;4;2;A;9
192;4;1;3;2;9;40
192;4;2;2;2;V;36
192;4;3;1;2;7;3
192;5;0;4;2;H;5
192;5;1;3;0;7;65
192;5;2;2;1;9;53
192;5;3;1;2;8;38
192;6;0;3;3;8;13
192;6;1;4;1;B;53
192;6;2;1;3;T;36
192;6;3;2;3;V;38
192;7;0;3;3;A;9
192;7;1;4;2;T;53
192;7;2;1;1;V;68
192;7;3;2;1;H;53
192;8;0;3;3;H;9
192;8;1;4;1;A;53
192;8;2;1;1;7;68
192;8;3;2;1;T;53
192;=;0;105;47;10;0
193;1;0;4;3;V;7
193;1;1;3;3;7;40
193;1;2;2;3;B;6
193;1;3;1;3;9;3
193;2;0;4;2;H;7
193;2;1;3;2;7;34
193;2;2;2;2;V;4
193;2;3;1;2;B;38
193;3;0;2;3;A;58
193;3;1;3;2;9;53
193;3;2;4;1;H;69
193;3;3;1;3;H;38
193;4;0;4;0;9;13
193;4;1;3;0;V;40
193;4;2;2;0;7;23
193;4;3;1;0;T;46
193;5;0;3;2;8;13
193;5;1;4;1;B;53
193;5;2;1;1;V;53
193;5;3;2;2;T;46
193;6;0;4;0;B;13
193;6;1;3;1;7;53
193;6;2;2;0;8;36
193;6;3;1;0;H;38
193;7;0;3;1;8;5
193;7;1;4;3;T;65
193;7;2;1;1;T;34
193;7;3;2;2;A;53
193;8;0;4;0;A;9
193;8;1;3;1;9;53
193;8;2;2;3;8;35
193;8;3;1;1;A;53
193;=;3;19;133;0;30
194;1;0;1;0;T;63
194;1;1;4;3;7;53
194;1;2;3;3;V;53
194;1;3;2;0;8;3
194;2;0;3;3;H;13
194;2;1;4;3;8;34
194;2;2;1;3;T;36
194;2;3;2;3;9;38
194;3;0;3;1;7;13
194;3;1;4;1;9;34
194;3;2;1;2;7;29
194;3;3;2;1;V;3
194;4;0;3;3;A;13
194;4;1;4;3;B;40
194;4;2;1;0;B;53
194;4;3;2;2;A;29
194;5;0;2;2;B;7
194;5;1;3;2;8;34
194;5;2;4;1;8;53
194;5;3;1;2;H;3
194;6;0;4;0;7;5
194;6;1;3;2;V;65
194;6;2;2;0;9;23
194;6;3;1;0;V;38
194;7;0;3;0;A;9
194;7;1;4;1;B;53
194;7;2;1;2;T;35
194;7;3;2;0;H;38
194;8;0;1;2;9;56
194;8;1;4;1;A;53
194;8;2;3;1;H;53
194;8;3;2;1;T;53
194;=;2;102;50;30;0
195;1;0;2;2;T;7
195;1;1;3;2;H;40
195;1;2;4;2;B;6
195;1;3;1;2;V;38
195;2;0;2;3;T;7
195;2;1;3;3;V;34
195;2;2;4;3;9;22
195;2;3;1;3;8;3
195;3;0;4;1;T;7
195;3;1;3;1;7;34
195;3;2;2;1;A;36
195;3;3;1;1;8;3
195;4;0;2;2;9;58
195;4;1;3;2;8;40
195;4;2;4;0;8;69
195;4;3;1;0;7;53
195;5;0;4;0;A;7
195;5;1;3;0;B;40
195;5;2;2;0;T;4
195;5;3;1;0;H;3
195;6;0;2;3;A;8
195;6;1;3;3;H;40
195;6;2;4;3;7;36
195;6;3;1;3;B;38
195;7;0;2;2;7;5
195;7;1;3;2;A;40
195;7;2;4;1;9;53
195;7;3;1;0;V;68
195;8;0;3;1;H;7
195;8;1;4;1;B;40
195;8;2;1;1;V;36
195;8;3;2;0;9;53
195;=;2;23;129;30;90
196;1;0;1;3;H;54
196;1;1;4;3;V;40
196;1;2;3;1;T;12
196;1;3;2;1;B;29
196;2;0;2;2;A;7
196;2;1;3;2;7;40
196;2;2;4;2;V;22
196;2;3;1;2;H;38
196;3;0;4;2;9;5
196;3;1;3;1;H;65
196;3;2;2;2;8;34
196;3;3;1;3;T;68
196;4;0;3;0;A;7
196;4;1;4;0;8;34
196;4;2;1;3;7;53
196;4;3;2;0;V;3
196;5;0;1;1;A;58
196;5;1;4;0;7;53
196;5;2;3;0;9;53
196;5;3;2;1;7;3
196;6;0;1;1;9;58
196;6;1;4;2;B;53
196;6;2;3;3;B;53
196;6;3;2;1;V;38
196;7;0;3;3;A;9
196;7;1;4;0;H;53
196;7;2;1;3;9;36
196;7;3;2;2;T;53
196;8;0;1;1;8;56
196;8;1;4;3;8;53
196;8;2;3;0;B;53
196;8;3;2;0;T;53
196;=;1;97;55;10;20
197;1;0;2;1;A;7
197;1;1;3;1;T;40
197;1;2;4;1;9;36
197;1;3;1;1;V;3
197;2;0;2;3;A;8
197;2;1;3;3;B;40
197;2;2;4;0;H;69
197;2;3;1;3;7;38
197;3;0;4;3;9;5
197;3;1;3;2;V;65
197;3;2;2;3;8;34
197;3;3;1;1;8;53
197;4;0;3;2;T;7
197;4;1;4;2;8;40
197;4;2;1;2;B;6
197;4;3;2;2;A;3
197;5;0;3;0;A;9
197;5;1;4;0;9;40
197;5;2;1;0;V;36
197;5;3;2;0;7;3
197;6;0;3;0;B;13
197;6;1;4;1;7;53
197;6;2;1;1;B;53
197;6;3;2;0;8;38
197;7;0;3;1;H;13
197;7;1;4;3;V;53
197;7;2;1;2;7;35
197;7;3;2;2;9;29
197;8;0;4;3;T;13
197;8;1;3;0;T;53
197;8;2;2;3;H;36
197;8;3;1;2;H;29
197;=;2;90;62;10;0
198;1;0;3;2;A;7
198;1;1;4;2;7;34
198;1;2;1;2;V;36
198;1;3;2;2;9;3
198;2;0;1;3;A;8
198;2;1;4;3;7;34
198;2;2;3;1;V;69
198;2;3;2;3;H;3
198;3;0;3;0;A;57
198;3;1;4;0;H;40
198;3;2;1;0;9;66
198;3;3;2;2;B;53
198;4;0;3;0;V;55
198;4;1;4;3;8;53
198;4;2;1;0;T;66
198;4;3;2;2;H;53
198;5;0;3;0;B;55
198;5;1;4;2;8;53
198;5;2;1;0;7;36
198;5;3;2;3;T;53
198;6;0;1;3;V;8
198;6;1;4;1;7;53
198;6;2;3;1;H;53
198;6;3;2;2;T;53
198;7;0;3;0;8;55
198;7;1;4;1;9;53
198;7;2;1;1;8;68
198;7;3;2;1;T;53
198;8;0;3;3;B;9
198;8;1;4;1;B;53
198;8;2;1;3;9;36
198;8;3;2;1;A;53
198;=;0;152;0;30;0
199;1;0;4;1;B;57
199;1;1;3;1;H;40
199;1;2;2;1;9;4
199;1;3;1;3;7;53
199;2;0;4;2;H;11
199;2;1;3;2;8;34
199;2;2;2;2;T;36
199;2;3;1;2;A;46
199;3;0;3;0;A;7
199;3;1;4;0;7;40
199;3;2;1;0;9;4
199;3;3;2;0;V;3
199;4;0;3;2;B;5
199;4;1;4;1;V;65
199;4;2;1;2;7;36
199;4;3;2;0;T;68
199;5;0;2;0;H;8
199;5;1;3;2;V;53
199;5;2;4;3;8;53
199;5;3;1;0;B;38
199;6;0;4;1;T;57
199;6;1;3;1;7;40
199;6;2;2;1;A;36
199;6;3;1;3;9;53
199;7;0;2;0;8;8
199;7;1;3;3;A;53
199;7;2;4;3;H;53
199;7;3;1;3;B;53
199;8;0;4;1;8;55
199;8;1;3;2;9;53
199;8;2;2;3;V;68
199;8;3;1;3;T;53
199;=;1;39;113;0;10
200;1;0;1;2;V;7
200;1;1;4;1;8;53
200;1;2;3;2;B;6
200;1;3;2;2;9;3
200;2;0;1;1;A;7
200;2;1;4;1;B;40
200;2;2;3;1;V;22
200;2;3;2;1;H;38
200;3;0;1;0;A;7
200;3;1;4;0;7;34
200;3;2;3;1;T;69
200;3;3;2;0;9;3
200;4;0;1;2;A;58
200;4;1;4;3;B;53
200;4;2;3;2;8;36
200;4;3;2;2;H;3
200;5;0;3;3;A;7
200;5;1;4;3;T;40
200;5;2;1;3;V;4
200;5;3;2;3;H;38
200;6;0;3;1;7;13
200;6;1;4;3;8;53
200;6;2;1;3;7;53
200;6;3;2;2;T;29
200;7;0;4;0;V;13
200;7;1;3;3;9;53
200;7;2;2;0;B;4
200;7;3;1;0;8;38
200;8;0;4;0;T;13
200;8;1;3;1;9;53
200;8;2;2;0;H;36
200;8;3;1;2;7;29
200;=;2;137;15;80;0
